{"sections":{"main":{"type":"main-page","settings":{"padding_top":28,"padding_bottom":40}},"image_with_text_EQjczg":{"type":"image-with-text","blocks":{"caption_BKGPqe":{"type":"caption","settings":{"caption":"Award-Winning Innovation","text_style":"caption-with-letter-spacing","text_size":"medium"}},"heading_Cge4Mi":{"type":"heading","settings":{"heading":"Guardair Honored with ISA Innovation Impact Award for PowerQUAD™ Pneumatic Vacuums","heading_size":"h1"}}},"block_order":["caption_BKGPqe","heading_Cge4Mi"],"custom_css":[".image-with-text__text--caption {margin-bottom: 15px;}",".image-with-text__content {padding-bottom: 0px;}",".image-with-text__media {border: none;}"],"settings":{"image":"shopify:\/\/shop_images\/ISA_Award_Mark_Tom.jpg","height":"adapt","desktop_image_width":"medium","layout":"image_first","desktop_content_position":"middle","desktop_content_alignment":"center","content_layout":"no-overlap","section_color_scheme":"scheme-1","color_scheme":"scheme-1","image_behavior":"none","mobile_content_alignment":"center","padding_top":16,"padding_bottom":32}},"custom_text_and_image_blocks_w4B9eT":{"type":"custom-text-and-image-blocks","blocks":{"image_text_kV9U4x":{"type":"Image-Text","settings":{"img_logo":"shopify:\/\/shop_images\/ISA_Badge_2025.png","img_position":"right","head":"About the Award","content":"<p>Guardair Corporation's PowerQUAD Pneumatic Vacuum Line has earned the 2025 Innovation Impact Award from the <a href=\"https:\/\/www.isapartners.org\/\" target=\"_blank\" title=\"Industrial Supply Association\">Industrial Supply Association<\/a>. This annual award celebrates breakthrough solutions that are transforming the industrial MROP channel and delivering measurable value to the end user.<\/p><p>\"This award validates the innovation and hard work our team has poured into the PowerQUAD line,\" said <strong>Thomas C. Tremblay<\/strong>, President of Guardair Corporation. \"We're honored to be recognized by our peers and the greater ISA community.\"<\/p>","img_alignment":"thirty","button_label":"Read the Full Press Release","button_link":"https:\/\/www.isapartners.org\/news\/guardair-corporation-wins-2025-isa-innovation-impact-award-for-powerquad-pneumatic-vacuum-line\/"}},"image_text_rNPHDy":{"type":"Image-Text","settings":{"img_logo":"shopify:\/\/shop_images\/PQ_family_vacs.png","img_position":"left","head":"About PowerQUAD™","content":"<p>Designed specifically for the industrial MRO market, the PowerQUAD line features a customer-configurable pneumatic vacuum engine that:<\/p><ul><li>Delivers up to 35% higher vacuum head<\/li><li>Produces up to 67% higher vacuum flow<\/li><li>Operates at less than 88dB for quieter use<\/li><li>Uses up to 71% less compressed air, resulting in major cost savings<\/li><\/ul><p><br\/>The result is a cleaner, quieter, and more efficient work environment. End users benefit from faster clean-up times and reduced energy consumption – all with the reliability and durability Guardair is known for.<\/p>","img_alignment":"fifty","button_label":"LEARN MORE","button_link":"shopify:\/\/pages\/powerquad-pneumatic-vacuums"}}},"block_order":["image_text_kV9U4x","image_text_rNPHDy"],"custom_css":["h2 {font-size: 30px;}",".blocks_images_texts {border-bottom: 2px solid #ddd;}",".blocks_images_textsmain {padding-bottom: 30px;}","ul {margin-bottom: 20px;}","@media screen and (min-width: 679px) {.block_textdiv {padding: 20px 30px; }}","@media only screen and (max-width: 767px) {.blocks_images_textsmain {flex-direction: column-reverse; } h2 {font-size: 20px; padding-top: 25px; } ul {padding-inline-start: 30px; }}"],"settings":{"padding_top":16,"padding_bottom":43}},"multicolumn_8KUU63":{"type":"multicolumn","blocks":{"column_JEr9rC":{"type":"column","settings":{"image_link":"","title":"","text":"<p><\/p><p>\"Astonished just how effectively the PowerQUAD vacuum sucks up tightly packed sawdust and chips on our MDF routing table.\"<\/p><p>- Senior Operations Specialist<\/p>","link_label":"","link":""}},"column_XTwePf":{"type":"column","settings":{"image_link":"","title":"","text":"<p>\"Couldn't be happier with PowerQUAD vacuum performance on our powder coating line and it saves my ears!\"<\/p><p>- Powder Coating Operator<\/p>","link_label":"","link":""}},"column_TCMAp9":{"type":"column","settings":{"image_link":"","title":"","text":"<p>\"Recently, a newly hired employee abruptly quit because of our other, noisy pneumatic vacuums. High noise levels will be a thing of the past with the PowerQUAD.\"<\/p><p>- Manufacturing Engineer<\/p>","link_label":"","link":""}}},"block_order":["column_JEr9rC","column_XTwePf","column_TCMAp9"],"custom_css":["h2 {font-size: 22px;}",".multicolumn-card__info {background-color: #ffffff; padding-left: 14px; padding-right: 0px; padding-top: 0px; padding-bottom: 10px;}","p {margin-bottom: 15px;}"],"name":"t:sections.multicolumn.presets.name","settings":{"title":"What Our Customers Are Saying","heading_size":"h1","image_width":"full","image_ratio":"adapt","columns_desktop":3,"column_alignment":"left","background_style":"none","button_label":"","button_link":"","color_scheme":"","columns_mobile":"1","swipe_on_mobile":false,"padding_top":36,"padding_bottom":64,"anchor_id":""}}},"order":["main","image_with_text_EQjczg","custom_text_and_image_blocks_w4B9eT","multicolumn_8KUU63"]}