{"sections":{"main":{"type":"main-page","settings":{"padding_top":28,"padding_bottom":0}},"89f1b873-5f49-4c5e-8a94-d63b906b10c0":{"type":"custom-logo-link-text","blocks":{"1e80425c-c951-4b9c-b59b-53ad036cc52a":{"type":"Logo-Text","settings":{"text":"Corporate Overview","imglogo":"shopify:\/\/shop_images\/i.shgcdn_10.png","btn_url":"https:\/\/cdn.shopify.com\/s\/files\/1\/2656\/7586\/files\/corp_overview.pdf?6756165126796740293","bottom_border":true}},"c98fac52-3e6c-4991-ab34-ac6e16df0289":{"type":"Logo-Text","settings":{"text":"Guardair Safety Air Guns Catalog","imglogo":"shopify:\/\/shop_images\/GA_catalog_2024_cover_v3.png","btn_url":"https:\/\/cdn.shopify.com\/s\/files\/1\/2656\/7586\/files\/Guardair_2024-25_Cat_v3_RGB.pdf?v=1734012868","bottom_border":true}},"logo_text_cnQye8":{"type":"Logo-Text","settings":{"text":"Guardair Booklet","imglogo":"shopify:\/\/shop_images\/guardair-8-page-booklet-thumbnail.png","btn_url":"https:\/\/cdn.shopify.com\/s\/files\/1\/2656\/7586\/files\/guardair-8-page-booklet.pdf?v=1743021379","bottom_border":true}},"8cce2182-d469-47e6-ab57-37a4bff70392":{"type":"Logo-Text","settings":{"text":"Guardair Product Guide","imglogo":"shopify:\/\/shop_images\/i.shgcdn_2_1.png","btn_url":"https:\/\/cdn.shopify.com\/s\/files\/1\/2656\/7586\/files\/GA-Prod-Sel-Guide.pdf?2534282264635029562","bottom_border":true}},"a68187ab-d95e-4018-ae7c-dae39b630f2a":{"type":"Logo-Text","settings":{"text":"OSHA Compliance Sheet","imglogo":"shopify:\/\/shop_images\/i.shgcdn_3_1.png","btn_url":"https:\/\/cdn.shopify.com\/s\/files\/1\/2656\/7586\/files\/OSHA_Compliance_Sheet.pdf?384170821011377700","bottom_border":true}},"e19a8872-2c7c-48de-a130-639e1d654fc8":{"type":"Logo-Text","settings":{"text":"Safety Air Guns White Paper","imglogo":"shopify:\/\/shop_images\/i.shgcdn_13.png","btn_url":"https:\/\/cdn.shopify.com\/s\/files\/1\/2656\/7586\/files\/Guardair_Safety_Air_Guns_White-Paper.pdf?13513568674188190562","bottom_border":true}},"553755ac-c5c7-4bc6-a4c0-204ccef358ed":{"type":"Logo-Text","settings":{"text":"Inforcer Brochure","imglogo":"shopify:\/\/shop_images\/i.shgcdn_14.png","btn_url":"https:\/\/cdn.shopify.com\/s\/files\/1\/2656\/7586\/files\/Inforcer-Brochure.pdf?18336652862373614029","bottom_border":true}},"72f7a84c-7a87-4071-8e5b-aca8246c316b":{"type":"Logo-Text","settings":{"text":"HydroForce Brochure","imglogo":"shopify:\/\/shop_images\/i.shgcdn_15.png","btn_url":"https:\/\/cdn.shopify.com\/s\/files\/1\/2656\/7586\/files\/HydroForce-Brochure.pdf?7921827996498969593","bottom_border":true}},"4ee468f2-27bd-4bf3-953f-1f6603560839":{"type":"Logo-Text","settings":{"text":"ReverseForce Air Gun Brochure","imglogo":"shopify:\/\/shop_images\/i.shgcdn_16.png","btn_url":"https:\/\/cdn.shopify.com\/s\/files\/1\/2656\/7586\/files\/Guardair-Reverse-Force-Brochure.pdf?2828982170487736752","bottom_border":true}},"fb1e42dc-3bf1-4fe0-aa50-7ec1a06fac15":{"type":"Logo-Text","settings":{"text":"Lazer Series Brochure","imglogo":"shopify:\/\/shop_images\/i.shgcdn_17.png","btn_url":"https:\/\/cdn.shopify.com\/s\/files\/1\/2656\/7586\/files\/Lazer_Series_Brochure.pdf?6862211827987267666","bottom_border":true}},"c558441b-8c9a-4285-98c0-b00b5800b4c8":{"type":"Logo-Text","settings":{"text":"Lazer Safety Air Gun Kits Brochure","imglogo":"shopify:\/\/shop_images\/i.shgcdn_18.png","btn_url":"https:\/\/cdn.shopify.com\/s\/files\/1\/2656\/7586\/files\/Lazer-Safety-Air-Gun-Kit-Brochure.pdf?11276752","bottom_border":true}},"ea4ba4fc-30fe-4f29-923b-21c182dfa3f7":{"type":"Logo-Text","settings":{"text":"Radiator Gun Brochure","imglogo":"shopify:\/\/shop_images\/i.shgcdn_19.png","btn_url":"https:\/\/cdn.shopify.com\/s\/files\/1\/2656\/7586\/files\/Radiator_Gun_Sell_Sheet.pdf?7891616509313102802","bottom_border":true}},"logo_text_qLxymX":{"type":"Logo-Text","settings":{"text":"Syphon Spray System","imglogo":"shopify:\/\/shop_images\/SS2020_thumbnail.png","btn_url":"https:\/\/cdn.shopify.com\/s\/files\/1\/2656\/7586\/files\/Syphon_Spray_System_Blk_Barrel_Sell_Sheet.pdf?v=1727701694","bottom_border":true}},"38cd8ff8-ba0e-46a0-9e66-a0f6ea49ee68":{"type":"Logo-Text","settings":{"text":"4 Steps To OSHA Compliance","imglogo":"shopify:\/\/shop_images\/i.shgcdn_20.png","btn_url":"https:\/\/cdn.shopify.com\/s\/files\/1\/2656\/7586\/files\/GuardAir_4_Steps_to_OSHA_Compliance_002.png?24","bottom_border":true}},"136d0476-7d53-4724-ad06-f23014af428d":{"type":"Logo-Text","settings":{"text":"Spire Energy Case Study","imglogo":"shopify:\/\/shop_images\/i.shgcdn_21.png","btn_url":"https:\/\/cdn.shopify.com\/s\/files\/1\/2656\/7586\/files\/Guardair_CustomerStory1.pdf?80","bottom_border":true}},"2696b41b-c7b6-45c6-9130-e87f87538710":{"type":"Logo-Text","settings":{"text":"Lund International Case Study","imglogo":"shopify:\/\/shop_images\/i.shgcdn_22.png","btn_url":"https:\/\/cdn.shopify.com\/s\/files\/1\/2656\/7586\/files\/Guardair_Casestudy_Lund_International.pdf?151","bottom_border":false}}},"block_order":["1e80425c-c951-4b9c-b59b-53ad036cc52a","c98fac52-3e6c-4991-ab34-ac6e16df0289","logo_text_cnQye8","8cce2182-d469-47e6-ab57-37a4bff70392","a68187ab-d95e-4018-ae7c-dae39b630f2a","e19a8872-2c7c-48de-a130-639e1d654fc8","553755ac-c5c7-4bc6-a4c0-204ccef358ed","72f7a84c-7a87-4071-8e5b-aca8246c316b","4ee468f2-27bd-4bf3-953f-1f6603560839","fb1e42dc-3bf1-4fe0-aa50-7ec1a06fac15","c558441b-8c9a-4285-98c0-b00b5800b4c8","ea4ba4fc-30fe-4f29-923b-21c182dfa3f7","logo_text_qLxymX","38cd8ff8-ba0e-46a0-9e66-a0f6ea49ee68","136d0476-7d53-4724-ad06-f23014af428d","2696b41b-c7b6-45c6-9130-e87f87538710"],"custom_css":[],"settings":{"columns_desktop":3,"padding_top":48,"padding_bottom":72}}},"order":["main","89f1b873-5f49-4c5e-8a94-d63b906b10c0"]}