{"sections":{"main":{"type":"main-page","settings":{"padding_top":28,"padding_bottom":0}},"general_industry_section_7PWQCk":{"type":"General-Industry-section","blocks":{"image_text_button_NcEMjG":{"type":"Image-Text-Button","settings":{"main_head":"","image":"shopify:\/\/shop_images\/READ_ME_GA_Read_repositioned-crop.png","text_link":"Vacuum Operating Manuals","text_url":"shopify:\/\/pages\/vacuum-operating-manuals","text_btm":"<p>Find operating manuals for PowerQUAD™, Personnel Cleaning Station, Material Mover, and more.<\/p>","view_text":"VIEW MANUALS","view_url":"shopify:\/\/pages\/vacuum-operating-manuals","pdf_text":"Read","pdf_url":""}}},"block_order":["image_text_button_NcEMjG"],"custom_css":[".industry_alldiv {border: 2px solid #ddd; padding: 22px; align-items: flex-end;}",".industry_buttons {flex-direction: row-reverse;}",".industry_buttons a {background-color: #002395; width: 55%;}","h2 {font-size: 22px; padding-top: 20px;}",".itg_industrywrapper .industry_buttons a:hover {background: #002395 !important;}","@media screen and (max-width: 767px) {.industry_firstdiv, .industry_seconddiv, .industry_buttons {width: 100%; justify-content: center; text-align: center; } h2 {font-size: 18px; } .industry_alldiv {padding-top: 0px; }}"],"name":"Image Button Text ","settings":{"padding_top":36,"padding_bottom":36}},"custom_logo_link_text_n3EeHK":{"type":"custom-logo-link-text","blocks":{"logo_text_wFgUPC":{"type":"Logo-Text","settings":{"text":"Guardair Pneumatic Vacuum Catalog","imglogo":"shopify:\/\/shop_images\/GA_catalog_2024_cover_v3.png","btn_url":"https:\/\/cdn.shopify.com\/s\/files\/1\/2656\/7586\/files\/Guardair_2024-25_Cat_v3_RGB.pdf?v=1734012868","bottom_border":true}},"logo_text_pArbaN":{"type":"Logo-Text","settings":{"text":"PowerQUAD™ Pneumatic Vacuums Brochure","imglogo":"shopify:\/\/shop_images\/powerquad-brochure-2025-thumbnail.png","btn_url":"https:\/\/cdn.shopify.com\/s\/files\/1\/2656\/7586\/files\/powerquad-brochure-2025.pdf?v=1743021378","bottom_border":true}},"logo_text_33z7Xj":{"type":"Logo-Text","settings":{"text":"PowerQUAD™ Pneumatic Vacuums Flyer","imglogo":"shopify:\/\/shop_images\/PQ_Sell_Sheet_2024_v4_thumbnail.png","btn_url":"https:\/\/cdn.shopify.com\/s\/files\/1\/2656\/7586\/files\/PQ_Sell_Sheet_2024_v4_1.pdf?v=1727702243","bottom_border":true}},"logo_text_97tC3x":{"type":"Logo-Text","settings":{"text":"Pneumatic Vacuum White Paper","imglogo":"shopify:\/\/shop_images\/i.shgcdn_1_2.png","btn_url":"https:\/\/cdn.shopify.com\/s\/files\/1\/2656\/7586\/files\/Guardair-White-Paper.pdf?18266799095361604270","bottom_border":true}},"logo_text_trCjPM":{"type":"Logo-Text","settings":{"text":"GunVac Brochure","imglogo":"shopify:\/\/shop_images\/i.shgcdn_5_1.png","btn_url":"https:\/\/cdn.shopify.com\/s\/files\/1\/2656\/7586\/files\/Guardair-Gun-Vac-Brochure.pdf?13355625765160274005","bottom_border":true}},"logo_text_7VCFY6":{"type":"Logo-Text","settings":{"text":"Blind Hole Vacuum Flyer","imglogo":"shopify:\/\/shop_images\/i.shgcdn_11.png","btn_url":"https:\/\/cdn.shopify.com\/s\/files\/1\/2656\/7586\/files\/Blind_Hole_Vacuum-Flyer.pdf?4086315368927777174","bottom_border":true}},"logo_text_BaiFmU":{"type":"Logo-Text","settings":{"text":"Material Mover Flyer","imglogo":"shopify:\/\/shop_images\/i.shgcdn_10_1.png","btn_url":"https:\/\/cdn.shopify.com\/s\/files\/1\/2656\/7586\/files\/Material_Mover_Sellsheet.pdf?17617871349645527481","bottom_border":true}},"logo_text_xWaxxn":{"type":"Logo-Text","settings":{"text":"Personnel Cleaning Station Flyer","imglogo":"shopify:\/\/shop_images\/CS3000_thumbnail_literature.png","btn_url":"https:\/\/cdn.shopify.com\/s\/files\/1\/2656\/7586\/files\/CS3000_Sell_Sheet.pdf?v=1727702039","bottom_border":true}},"logo_text_badt8q":{"type":"Logo-Text","settings":{"text":"Personnel Cleaning Station NED Flyer","imglogo":"shopify:\/\/shop_images\/i.shgcdn_8_2.png","btn_url":"https:\/\/cdn.shopify.com\/s\/files\/1\/2656\/7586\/files\/CS3000NED.pdf?32","bottom_border":true}},"logo_text_6PAgYd":{"type":"Logo-Text","settings":{"text":"MachineVac NED Flyer","imglogo":"shopify:\/\/shop_images\/i.shgcdn_6_2.png","btn_url":"https:\/\/cdn.shopify.com\/s\/files\/1\/2656\/7586\/files\/MV2000NED.pdf?32","bottom_border":false}}},"block_order":["logo_text_wFgUPC","logo_text_pArbaN","logo_text_33z7Xj","logo_text_97tC3x","logo_text_trCjPM","logo_text_7VCFY6","logo_text_BaiFmU","logo_text_xWaxxn","logo_text_badt8q","logo_text_6PAgYd"],"settings":{"columns_desktop":3,"padding_top":32,"padding_bottom":72}}},"order":["main","general_industry_section_7PWQCk","custom_logo_link_text_n3EeHK"]}