{
  "sections": {
    "main": {
      "type": "main-page",
      "settings": {
        "padding_top": 28,
        "padding_bottom": 0
      }
    },
    "multicolumn_xezMVG": {
      "type": "multicolumn",
      "blocks": {
        "column_7dazHw": {
          "type": "column",
          "settings": {
            "image": "shopify:\/\/shop_images\/guardair-safety-air-guns-long-john.png",
            "image_link": "https:\/\/guardair.com\/products\/long-john-75lj-safety-air-gun-6",
            "title": "<a href=\"\/products\/long-john-75lj-safety-air-gun-6\" title=\"Long John® 75LJ Safety Air Gun - 6&quot;\">Long John Safety Air Gun<\/a>",
            "text": "",
            "link_label": "",
            "link": ""
          }
        },
        "column_cCawkH": {
          "type": "column",
          "settings": {
            "image": "shopify:\/\/shop_images\/guardair-safety-air-guns-long-john-us-markings.png",
            "image_link": "https:\/\/guardair.com\/products\/long-john-75lj-safety-air-gun-12-w-us-flag-markings",
            "title": "<a href=\"\/products\/long-john-75lj-safety-air-gun-12-w-us-flag-markings\" title=\"Long John® 75LJ Safety Air Gun - 12&quot; w\/ US Flag Markings\">Long John Safety Air Gun w\/ US Flag Markings<\/a>",
            "text": "",
            "link_label": "",
            "link": ""
          }
        },
        "column_C7thbA": {
          "type": "column",
          "settings": {
            "image": "shopify:\/\/shop_images\/guardair-safety-air-guns-long-john-nylon.png",
            "image_link": "https:\/\/guardair.com\/products\/long-john-75lj-nylon-safety-air-gun-12",
            "title": "<a href=\"\/products\/long-john-75lj-nylon-safety-air-gun-12\" title=\"Long John® 75LJ Nylon Safety Air Gun - 12&quot;\">Long John Nylon Safety Air Gun<\/a>",
            "text": "",
            "link_label": "",
            "link": ""
          }
        },
        "column_G4UAWG": {
          "type": "column",
          "settings": {
            "image": "shopify:\/\/shop_images\/guardair-safety-air-guns-long-john-nylon-nozzle.png",
            "image_link": "https:\/\/guardair.com\/products\/long-john-75lj-nylon-nozzle-safety-air-gun-6",
            "title": "<a href=\"\/products\/long-john-75lj-nylon-nozzle-safety-air-gun-6\" title=\"Long John® 75LJ Nylon Nozzle Safety Air Gun - 6&quot;\">Long John Nylon Nozzle Safety Air Gun<\/a>",
            "text": "",
            "link_label": "",
            "link": ""
          }
        },
        "column_azwKMH": {
          "type": "column",
          "settings": {
            "image": "shopify:\/\/shop_images\/guardair-safety-air-guns-long-john-steel-alloy.png",
            "image_link": "https:\/\/guardair.com\/products\/long-john-75lj-steel-safety-air-gun-6",
            "title": "<a href=\"\/products\/long-john-75lj-steel-safety-air-gun-6\" title=\"Long John® 75LJ Steel Safety Air Gun - 6&quot;\">Long John Steel Safety Air Gun<\/a>",
            "text": "",
            "link_label": "",
            "link": ""
          }
        },
        "column_VpyJwr": {
          "type": "column",
          "settings": {
            "image": "shopify:\/\/shop_images\/guardair-safety-air-guns-long-john-aluminum-steel.png",
            "image_link": "https:\/\/guardair.com\/products\/long-john-75lj-steel-nozzle-safety-air-gun-12",
            "title": "<a href=\"\/products\/long-john-75lj-steel-nozzle-safety-air-gun-12\" title=\"Long John® 75LJ Steel Nozzle Safety Air Gun - 12&quot;\">Long John Steel Nozzle Safety Air Gun<\/a>",
            "text": "",
            "link_label": "",
            "link": ""
          }
        },
        "column_xHfP3n": {
          "type": "column",
          "settings": {
            "image": "shopify:\/\/shop_images\/guardair-safety-air-guns-long-john-steel-alloy.png",
            "image_link": "https:\/\/guardair.com\/products\/long-john-75lj-steel-extension-safety-air-gun-12",
            "title": "<a href=\"\/products\/long-john-75lj-steel-extension-safety-air-gun-12\" title=\"Long John® 75LJ Steel Extension Safety Air Gun - 12&quot;\">Long John Steel Extension Safety Air Gun<\/a>",
            "text": "",
            "link_label": "",
            "link": ""
          }
        },
        "column_iF4tK4": {
          "type": "column",
          "settings": {
            "image": "shopify:\/\/shop_images\/guardair-safety-air-guns-long-john_722aecf4-2e3f-4eb2-b072-1dcdfc4e936a.png",
            "image_link": "https:\/\/guardair.com\/products\/long-john-75lj-safety-air-gun-12-w-nylon-air-hose",
            "title": "<a href=\"\/products\/long-john-75lj-safety-air-gun-12-w-nylon-air-hose\" title=\"Long John® 75LJ Safety Air Gun - 12&quot; w\/ Nylon Air Hose\">Long John Safety Air Gun w\/ Nylon Air Hose<\/a>",
            "text": "",
            "link_label": "",
            "link": ""
          }
        }
      },
      "block_order": [
        "column_7dazHw",
        "column_cCawkH",
        "column_C7thbA",
        "column_G4UAWG",
        "column_azwKMH",
        "column_VpyJwr",
        "column_xHfP3n",
        "column_iF4tK4"
      ],
      "custom_css": [
        ".multicolumn-card__info {background-color: #ffffff; padding-left: 0px; padding-right: 0px;}",
        "h2 {font-size: 28px;}",
        "h3 {font-size: 18px; text-align: center; color: #002395;}",
        "a {text-decoration: none;}"
      ],
      "settings": {
        "title": "",
        "heading_size": "h1",
        "image_width": "full",
        "image_ratio": "adapt",
        "columns_desktop": 4,
        "column_alignment": "left",
        "background_style": "none",
        "button_label": "",
        "button_link": "",
        "color_scheme": "scheme-1",
        "columns_mobile": "2",
        "swipe_on_mobile": true,
        "padding_top": 48,
        "padding_bottom": 100,
        "anchor_id": ""
      }
    }
  },
  "order": [
    "main",
    "multicolumn_xezMVG"
  ]
}
