{"sections":{"main":{"type":"main-page","settings":{"padding_top":28,"padding_bottom":0}},"085d4475-2908-4ff5-b366-ee23f0bab7f6":{"type":"custom-logo-link-text","blocks":{"logo_text_pcJtMf":{"type":"Logo-Text","settings":{"text":"PowerQUAD™ Pneumatic Vacuum Operating Instructions","imglogo":"shopify:\/\/shop_images\/PQ-Ops_Man_Cover.png","btn_url":"https:\/\/cdn.shopify.com\/s\/files\/1\/2656\/7586\/files\/POWERQUAD_OPERATING_INSTRUCTIONS_v10.pdf?v=1715958123","bottom_border":true}},"logo_text_AkHgK8":{"type":"Logo-Text","settings":{"text":"MachineVac Operating Manual","imglogo":"shopify:\/\/shop_images\/MV2000_Operating_Manual-01.png","btn_url":"https:\/\/cdn.shopify.com\/s\/files\/1\/2656\/7586\/files\/MV2000_Operating_manual.pdf?v=1722362653","bottom_border":true}},"logo_text_MiieXk":{"type":"Logo-Text","settings":{"text":"MachineVac NED Operating Manual","imglogo":"shopify:\/\/shop_images\/i.shgcdn_7_1.png","btn_url":"https:\/\/cdn.shopify.com\/s\/files\/1\/2656\/7586\/files\/macvac_manual.pdf?32","bottom_border":true}},"logo_text_PAcddk":{"type":"Logo-Text","settings":{"text":"Personnel Cleaning Station Operating Manual","imglogo":"shopify:\/\/shop_images\/CS3000_Operating_Manual-02.png","btn_url":"https:\/\/cdn.shopify.com\/s\/files\/1\/2656\/7586\/files\/CS3000_OpsMan_6dae8aa7-0425-4923-ab07-07e48e8608b2.pdf?v=1722362653","bottom_border":true}},"logo_text_EgLVX6":{"type":"Logo-Text","settings":{"text":"Personnel Cleaning Station NED Operating Manual","imglogo":"shopify:\/\/shop_images\/i.shgcdn_9.png","btn_url":"https:\/\/cdn.shopify.com\/s\/files\/1\/2656\/7586\/files\/pcs_ned_manual.pdf?32","bottom_border":true}},"0236448b-aa9d-4ecd-a280-0dff9c3ca06c":{"type":"Logo-Text","settings":{"text":"Legacy Pneumatic Vacuum Operating Instructions","imglogo":"shopify:\/\/shop_images\/i.shgcdn_2_2.png","btn_url":"https:\/\/cdn.shopify.com\/s\/files\/1\/2656\/7586\/files\/N600A01-4_Vac-Ops-Man.pdf?v=1701291569","bottom_border":true}},"8d8acfe3-3ae0-45b9-970e-64dd1f295cf9":{"type":"Logo-Text","settings":{"text":"Legacy Hazardous Location Pneumatic Vacuum Operating Manual","imglogo":"shopify:\/\/shop_images\/i.shgcdn_4_1.png","btn_url":"https:\/\/cdn.shopify.com\/s\/files\/1\/2656\/7586\/files\/Hazardous-Location-Pneumatic-Vacuums-Operating-Manual-17.pdf?6300586650681246786","bottom_border":false}}},"block_order":["logo_text_pcJtMf","logo_text_AkHgK8","logo_text_MiieXk","logo_text_PAcddk","logo_text_EgLVX6","0236448b-aa9d-4ecd-a280-0dff9c3ca06c","8d8acfe3-3ae0-45b9-970e-64dd1f295cf9"],"settings":{"columns_desktop":3,"padding_top":48,"padding_bottom":72}}},"order":["main","085d4475-2908-4ff5-b366-ee23f0bab7f6"]}