{
  "sections": {
    "main": {
      "type": "main-page",
      "settings": {
        "padding_top": 28,
        "padding_bottom": 0
      }
    },
    "video_VCddw8": {
      "type": "video",
      "settings": {
        "heading": "",
        "heading_size": "h1",
        "enable_video_looping": false,
        "video_url": "https:\/\/www.youtube.com\/watch?v=tQ7B7CvCYtE",
        "cover_image": "shopify:\/\/shop_images\/GA_Corp_Update_thumb-Q3-2024.png",
        "description": "Guardair Corporate Update Q3 2024",
        "full_width": false,
        "color_scheme": "scheme-1",
        "padding_top": 36,
        "padding_bottom": 36,
        "anchor_id": ""
      }
    }
  },
  "order": [
    "main",
    "video_VCddw8"
  ]
}
