{"sections":{"main":{"type":"main-page","settings":{"padding_top":28,"padding_bottom":0}},"custom_liquid_hfj4id":{"type":"custom-liquid","custom_css":[".button-container {display: flex; justify-content: space-between; width: 100%; gap: 20px;}",".link-button {flex: 1;}",".column-button {background-color: #002395; color: #ffffff; cursor: pointer; border: none; padding: 20px 40px !important; font-size: 20px; font-family: Eurostile-Bol, sans-serif; width: 100%; box-shadow: 3px 3px 4px rgba(0, 0, 0, 0.2);}",".line-2 {font-family: Eurostile-Reg, sans-serif; font-size: 17px;}","@media (max-width: 768px) {.button-container {flex-direction: column; gap: 8px; } .link-button {flex: none; width: auto; }}"],"settings":{"custom_liquid":"<div class=\"page-width button-container\">\n\n<div class=\"link-button\"><a title=\"Personnel Cleaning Station Parts\" href=\"#personnel-cleaning-station\"> <button type=\"button\" class=\"column-button\">\n<span class=\"line-1\">Personnel Cleaning Station Parts<\/span>\n<\/button><\/a><\/div>\n\n<div class=\"link-button\"><a title=\"MachineVac Parts & Accessories\" href=\"#machinevac\"> <button type=\"button\" class=\"column-button\">\n<span class=\"line-1\">MachineVac Parts & Accessories<\/span>\n<\/button><\/a><\/div>\n\n<div class=\"link-button\"><a title=\"Material Mover® Parts & Accessories\" href=\"#material-mover\"> <button type=\"button\" class=\"column-button\">\n<span class=\"line-1\">Material Mover® Parts & Accessories<\/span>\n<\/button><\/a><\/div>\n\n<div class=\"link-button\"><a title=\"Blind Hole® Parts & Accessories\" href=\"#blind-hole\"> <button type=\"button\" class=\"column-button\">\n<span class=\"line-1\">Blind Hole® Parts & Accessories<\/span>\n<\/button><\/a><\/div>\n\n<\/div>","color_scheme":"","padding_top":40,"padding_bottom":16}},"drums_three_section_LgcUBK":{"type":"drums-three-section","blocks":{"block_3736JD":{"type":"block","settings":{"itg_product":"personnel-cleaning-station-air-agitator-brush"}},"block_VKUjeR":{"type":"block","settings":{"itg_product":"vacuum-hose-air-supply-assembly-1-1-4-x-6"}},"block_JC3htX":{"type":"block","settings":{"itg_product":"personnel-cleaning-station-conversion-kit"}},"block_pkeUYH":{"type":"block","settings":{"itg_product":"personnel-cleaning-station-ned-air-agitator-brush"}},"block_kcPwNq":{"type":"block","settings":{"itg_product":"static-conductive-vacuum-hose-air-supply-assembly-1-1-4-x-6"}},"block_yFqwxL":{"type":"block","settings":{"itg_product":"small-standard-cartridge-filter"}},"block_fabXeA":{"type":"block","settings":{"itg_product":"small-hepa-cartridge-filter"}},"block_NWcdhd":{"type":"block","settings":{"itg_product":"mv2000-cs3000-bh4000-replacement-exhaust-bag"}},"block_TRAQdT":{"type":"block","settings":{"itg_product":"mv2000-cs3000-bh4000-replacement-lid-gasket"}},"block_G9iGCw":{"type":"block","settings":{"itg_product":"mv2000-cs3000-bh4000-vertical-mounting-plate"}}},"block_order":["block_3736JD","block_VKUjeR","block_JC3htX","block_pkeUYH","block_kcPwNq","block_yFqwxL","block_fabXeA","block_NWcdhd","block_TRAQdT","block_G9iGCw"],"settings":{"heading":"Personnel Cleaning Station CS3000 \/ CS3000NED","link":"","f_head":"Part Number","s_head":"Description","t_head":"Product","padding_top":36,"padding_bottom":36,"anchor_id":"personnel-cleaning-station"}},"rich_text_MhAamE":{"type":"rich-text","blocks":{"button_6FGiJa":{"type":"button","settings":{"button_label":"Shop Personnel Cleaning Station","button_link":"shopify:\/\/products\/personnel-cleaning-station-5-5-gallon-vacuum","button_style_secondary":false,"button_label_2":"","button_link_2":"","button_style_secondary_2":false}},"button_XWgA3a":{"type":"button","settings":{"button_label":"Shop Personnel Cleaning Station NED","button_link":"shopify:\/\/products\/personnel-cleaning-station-ned-5-5-gallon-vacuum","button_style_secondary":false,"button_label_2":"","button_link_2":"","button_style_secondary_2":false}}},"block_order":["button_6FGiJa","button_XWgA3a"],"custom_css":[".button--primary {background-color: #002395; color: #ffffff; font-weight: bold; font-size: 16px; margin-top: 0px; margin-bottom: 20px;}"],"settings":{"desktop_content_position":"center","content_alignment":"center","color_scheme":"","full_width":true,"bdr_btm":true,"padding_top":0,"padding_bottom":52,"anchor_id":""}},"drums_three_section_RVB9JM":{"type":"drums-three-section","blocks":{"block_QRyFGW":{"type":"block","settings":{"itg_product":"round-plastic-brush-tool-1-1-2-x-2"}},"block_TxhM4V":{"type":"block","settings":{"itg_product":"mv2000-cs3000-bh4000-replacement-exhaust-bag"}},"block_HUDtLE":{"type":"block","settings":{"itg_product":"mv2000-cs3000-bh4000-replacement-lid-gasket"}},"block_XKtTik":{"type":"block","settings":{"itg_product":"mv2000-cs3000-bh4000-vertical-mounting-plate"}},"block_m8kdAe":{"type":"block","settings":{"itg_product":"small-standard-cartridge-filter"}},"block_pJ9thP":{"type":"block","settings":{"itg_product":"small-hepa-cartridge-filter"}}},"block_order":["block_QRyFGW","block_TxhM4V","block_HUDtLE","block_XKtTik","block_m8kdAe","block_pJ9thP"],"settings":{"heading":"MachineVac MV2000 \/ MV2000NED","link":"","f_head":"Part Number","s_head":"Description","t_head":"Product","padding_top":36,"padding_bottom":36,"anchor_id":"machinevac"}},"rich_text_bgLFpN":{"type":"rich-text","blocks":{"button_NJeCkK":{"type":"button","settings":{"button_label":"Shop MachineVac","button_link":"shopify:\/\/products\/machinevac-5-5-gallon-vacuum","button_style_secondary":false,"button_label_2":"","button_link_2":"","button_style_secondary_2":false}},"button_7aP6D3":{"type":"button","settings":{"button_label":"Shop MachineVac NED","button_link":"shopify:\/\/products\/machinevac-ned-5-5-gallon-vacuum","button_style_secondary":false,"button_label_2":"","button_link_2":"","button_style_secondary_2":false}}},"block_order":["button_NJeCkK","button_7aP6D3"],"custom_css":[".button--primary {background-color: #002395; color: #ffffff; font-weight: bold; font-size: 16px; margin-top: 0px; margin-bottom: 20px;}"],"settings":{"desktop_content_position":"center","content_alignment":"center","color_scheme":"","full_width":true,"bdr_btm":true,"padding_top":0,"padding_bottom":52,"anchor_id":""}},"drums_three_section_gB738V":{"type":"drums-three-section","blocks":{"block_VGqNRb":{"type":"block","settings":{"itg_product":"material-mover-cradle"}},"block_XjQxHN":{"type":"block","settings":{"itg_product":"material-mover-deflector"}},"block_NDqy9j":{"type":"block","settings":{"itg_product":"material-mover-deflector-repair-kit"}},"block_qeqmQD":{"type":"block","settings":{"itg_product":"material-mover-v-seals"}},"block_yxBAAq":{"type":"block","settings":{"itg_product":"material-mover-vacuum-repair-kit"}},"block_CGcYiK":{"type":"block","settings":{"itg_product":"material-mover-ned-aluminum-wand-2-1-2-x-5"}},"block_CKd7QY":{"type":"block","settings":{"itg_product":"material-mover-ned-vacuum-hose-w-clamps-2-1-2-x-15"}}},"block_order":["block_VGqNRb","block_XjQxHN","block_NDqy9j","block_qeqmQD","block_yxBAAq","block_CGcYiK","block_CKd7QY"],"settings":{"heading":"Material Mover® MM400","link":"","f_head":"Part Number","s_head":"Description","t_head":"Product","padding_top":36,"padding_bottom":36,"anchor_id":"material-mover"}},"rich_text_YFCwFB":{"type":"rich-text","blocks":{"button_PWCExg":{"type":"button","settings":{"button_label":"Shop Material Mover®","button_link":"shopify:\/\/products\/material-mover-4-nozzle-vacuum-unit","button_style_secondary":false,"button_label_2":"","button_link_2":"","button_style_secondary_2":false}},"button_zRex3R":{"type":"button","settings":{"button_label":"Shop Material Mover® NED","button_link":"shopify:\/\/products\/material-mover-ned-4-nozzle-basic-kit","button_style_secondary":false,"button_label_2":"","button_link_2":"","button_style_secondary_2":false}}},"block_order":["button_PWCExg","button_zRex3R"],"custom_css":[".button--primary {background-color: #002395; color: #ffffff; font-weight: bold; font-size: 16px; margin-top: 0px; margin-bottom: 20px;}"],"settings":{"desktop_content_position":"center","content_alignment":"center","color_scheme":"","full_width":true,"bdr_btm":true,"padding_top":0,"padding_bottom":52,"anchor_id":""}},"drums_three_section_PddU8m":{"type":"drums-three-section","blocks":{"block_PwQfA8":{"type":"block","settings":{"itg_product":"blind-hole-air-agitator-brush"}},"block_9yeHiV":{"type":"block","settings":{"itg_product":"blind-hole-air-agitator-tubes-3-pack"}},"block_dtqiiQ":{"type":"block","settings":{"itg_product":"blind-hole-clear-view-window"}},"block_GU3BbT":{"type":"block","settings":{"itg_product":"small-standard-cartridge-filter"}},"block_V4WCTC":{"type":"block","settings":{"itg_product":"small-hepa-cartridge-filter"}},"block_7bjcNk":{"type":"block","settings":{"itg_product":"mv2000-cs3000-bh4000-replacement-exhaust-bag"}},"block_tDHQ3n":{"type":"block","settings":{"itg_product":"mv2000-cs3000-bh4000-replacement-lid-gasket"}},"block_XJhTMn":{"type":"block","settings":{"itg_product":"mv2000-cs3000-bh4000-vertical-mounting-plate"}}},"block_order":["block_PwQfA8","block_9yeHiV","block_dtqiiQ","block_GU3BbT","block_V4WCTC","block_7bjcNk","block_tDHQ3n","block_XJhTMn"],"settings":{"heading":"Blind Hole® BH4000","link":"","f_head":"Part Number","s_head":"Description","t_head":"Product","padding_top":36,"padding_bottom":36,"anchor_id":"blind-hole"}},"rich_text_niDV3t":{"type":"rich-text","blocks":{"button_kX6L4W":{"type":"button","settings":{"button_label":"Shop Blind Hole®","button_link":"shopify:\/\/products\/blind-hole-5-5-gallon-vacuum","button_style_secondary":false,"button_label_2":"","button_link_2":"","button_style_secondary_2":false}}},"block_order":["button_kX6L4W"],"custom_css":[".button--primary {background-color: #002395; color: #ffffff; font-weight: bold; font-size: 16px; margin-top: 0px; margin-bottom: 20px;}"],"settings":{"desktop_content_position":"center","content_alignment":"center","color_scheme":"","full_width":true,"bdr_btm":false,"padding_top":0,"padding_bottom":72,"anchor_id":""}}},"order":["main","custom_liquid_hfj4id","drums_three_section_LgcUBK","rich_text_MhAamE","drums_three_section_RVB9JM","rich_text_bgLFpN","drums_three_section_gB738V","rich_text_YFCwFB","drums_three_section_PddU8m","rich_text_niDV3t"]}