{"sections":{"main":{"type":"main-page","settings":{"padding_top":28,"padding_bottom":0}},"image_with_text_FtQceg":{"type":"image-with-text","blocks":{"heading_x7VDdz":{"type":"heading","settings":{"heading":"<strong>Introducing the PowerQUAD™ Line<\/strong>","heading_size":"h1"}},"text_NGRhpw":{"type":"text","settings":{"text":"<p>The most significant advancement in pneumatic vacuum technology in over 75 years! Experience unparalleled vacuum performance and energy savings with the new PowerQUAD™ pneumatic vacuum line by Guardair Corporation.<\/p>","text_style":"body"}},"button_A7XNjn":{"type":"button","settings":{"button_label":"EXPLORE MODELS","button_link":"#powerquad-models","button_style_secondary":false,"button_label_2":"WATCH VIDEO","button_link_2":"#powerquad-video","button_style_secondary_2":false}}},"block_order":["heading_x7VDdz","text_NGRhpw","button_A7XNjn"],"custom_css":["h2 {font-size: 36px; padding: 50px 50px 0px 25px;}","p {padding: 0px 50px 0px 25px; margin-bottom: 20px; color: #ffffff;}",".button {background-color: #4b92db; opacity: 1; font-weight: bold; margin-left: 25px; color: #ffffff; font-size: 18px;}","@media only screen and (max-width: 767px) {.image-with-text_buttons_group {margin-bottom: 30px; justify-content: left; margin-left: 25px; } .button {margin-left: 0px; } p {padding: 0px 20px; margin-bottom: 10px; } h2 {padding: 30px 20px 0px 20px; }}"],"settings":{"image":"shopify:\/\/shop_images\/PQ_family_vacs_factory_copy.jpg","height":"adapt","desktop_image_width":"medium","layout":"image_first","desktop_content_position":"top","desktop_content_alignment":"left","content_layout":"no-overlap","section_color_scheme":"","color_scheme":"scheme-4f572dbc-8558-48b3-90c3-51a913d10417","image_behavior":"none","mobile_content_alignment":"left","padding_top":36,"padding_bottom":36}},"multicolumn_no_links_GjFjUz":{"type":"multicolumn-no-links","blocks":{"column_PnJRfm":{"type":"column","settings":{"image":"shopify:\/\/shop_images\/pq-icon-savings.png","title":"Save Up To 71% Compressed Air","text":"<p>Advanced design means reduced operating costs. Learn more about cost savings vs electric vacs <a href=\"\/pages\/total-cost-of-ownership\" target=\"_blank\" title=\"Total Cost of Ownership\">here<\/a>.<\/p>","link_label":"","link":""}},"column_E8X7Wx":{"type":"column","settings":{"image":"shopify:\/\/shop_images\/pq-icon-performance.png","title":"Superior Vacuum Performance","text":"<p>Up to 67% more vacuum flow and 35% higher vacuum head.<\/p>","link_label":"","link":""}},"column_iEjHw8":{"type":"column","settings":{"image":"shopify:\/\/shop_images\/pq-icon-safety.png","title":"Safe for Hazardous Locations or Wet Environments","text":"<p>No electric motors to spark, or burnout. No dangerous electric cords running across shop floors.<\/p>","link_label":"","link":""}},"column_pc7k8A":{"type":"column","settings":{"image":"shopify:\/\/shop_images\/pq-icon-quiet.png","title":"Ultra Quiet Operation","text":"<p>Operates at less than 88 dBA, enhancing workplace comfort.<\/p>","link_label":"","link":""}}},"block_order":["column_PnJRfm","column_E8X7Wx","column_iEjHw8","column_pc7k8A"],"disabled":true,"custom_css":[".multicolumn-card__info {background-color: #ffffff; padding-left: 14px; padding-right: 0px; margin-bottom: ;}","h2 {font-size: 28px;}","h3 {font-size: 18px;}","p,a {font-size: 16px; padding-left: 0px; padding-right: 0px;}"],"settings":{"title":"<strong>Why Choose PowerQUAD™?<\/strong>","heading_size":"h2","image_width":"full","image_ratio":"circle","columns_desktop":4,"column_alignment":"left","background_style":"none","button_label":"","button_link":"","color_scheme":"","columns_mobile":"2","swipe_on_mobile":false,"padding_top":32,"padding_bottom":0}},"multicolumn_no_links_nWFPLa":{"type":"multicolumn-no-links","blocks":{"column_amwFmQ":{"type":"column","settings":{"image":"shopify:\/\/shop_images\/pq-icon-savings.png","title":"Save Up To 71% Compressed Air","text":"<p>Advanced design means reduced operating costs. Learn more about cost savings vs electric vacs <a href=\"\/pages\/total-cost-of-ownership\" target=\"_blank\" title=\"Total Cost of Ownership\">here<\/a>.<\/p>","link_label":"","link":""}},"column_e6B3fp":{"type":"column","settings":{"image":"shopify:\/\/shop_images\/pq-icon-performance.png","title":"Superior Vacuum Performance","text":"<p>Up to 67% more vacuum flow and 35% higher vacuum head.<\/p>","link_label":"","link":""}},"column_ghVQcC":{"type":"column","settings":{"image":"shopify:\/\/shop_images\/pq-icon-safety.png","title":"Safe for Hazardous Locations or Wet Environments","text":"<p>No electric motors to spark, or burnout. No dangerous electric cords running across shop floors.<\/p>","link_label":"","link":""}},"column_xyeeyq":{"type":"column","settings":{"image":"shopify:\/\/shop_images\/pq-icon-quiet.png","title":"Ultra Quiet Operation","text":"<p>Operates at less than 88 dBA, enhancing workplace comfort.<\/p>","link_label":"","link":""}},"column_KTeJwR":{"type":"column","settings":{"image":"shopify:\/\/shop_images\/ISA_innovation_2025_4892DB.png","title":"Award-Winning Innovation","text":"<p>PowerQUAD was honored with the 2025 ISA Innovation Impact Award. <a href=\"\/pages\/isa-innovation-award-2025\" title=\"ISA Innovation Award 2025\">Learn more.<\/a><\/p>","link_label":"","link":""}}},"block_order":["column_amwFmQ","column_e6B3fp","column_ghVQcC","column_xyeeyq","column_KTeJwR"],"custom_css":[".multicolumn-card__info {background-color: #ffffff; padding-left: 14px; padding-right: 0px;}","h2 {font-size: 28px;}","h3 {font-size: 16px;}","p,a {font-size: 16px; padding-left: 0px; padding-right: 0px; margin-bottom: 0px;}"],"settings":{"title":"<strong>Why Choose PowerQUAD™?<\/strong>","heading_size":"h2","image_width":"full","image_ratio":"adapt","columns_desktop":5,"column_alignment":"left","background_style":"none","button_label":"","button_link":"","color_scheme":"","columns_mobile":"2","swipe_on_mobile":true,"padding_top":40,"padding_bottom":0}},"general_industry_section_BwjAif":{"type":"General-Industry-section","blocks":{"image_text_button_jEpMJK":{"type":"Image-Text-Button","settings":{"main_head":"","image":"shopify:\/\/shop_images\/checklist-icon-blue-400x400.png","text_link":"Need Help Picking the Right Vacuum?","text_url":"","text_btm":"<p>Answer a few questions to find out which vacuum is best for your specific needs.<\/p>","view_text":"TAKE QUIZ","view_url":"#quiz-zMH9Yyo","pdf_text":"","pdf_url":""}}},"block_order":["image_text_button_jEpMJK"],"custom_css":[".industry_alldiv {border: none; padding: 22px; align-items: flex-end;}",".industry_buttons {flex-direction: row-reverse; font-size: 18px;}",".industry_buttons a {background-color: #002395;}","h2 {font-size: 20px;}",".itg_industrywrapper .industry_buttons a:hover {background: #002395 !important;}","@media screen and (max-width: 767px) {.industry_firstdiv {display: none; } .industry_seconddiv {width: 100%; } .industry_buttons {justify-content: left; } h2 {font-size: 18px; }}"],"settings":{"padding_top":10,"padding_bottom":10}},"rich_text_LFGfcf":{"type":"rich-text","blocks":{"text_84PwXT":{"type":"text","settings":{"text":""}}},"block_order":["text_84PwXT"],"settings":{"desktop_content_position":"left","content_alignment":"left","color_scheme":"","full_width":true,"bdr_btm":true,"padding_top":0,"padding_bottom":16,"anchor_id":""}},"rich_text_MXjHG6":{"type":"rich-text","blocks":{"heading_iXP87b":{"type":"heading","settings":{"heading":"<strong>Key Features:<\/strong>","heading_size":"h1"}}},"block_order":["heading_iXP87b"],"custom_css":["h2 {font-size: 28px;}","p {font-size: 28px;}"],"settings":{"desktop_content_position":"left","content_alignment":"left","color_scheme":"","full_width":true,"bdr_btm":false,"padding_top":28,"padding_bottom":20,"anchor_id":""}},"rich_text_hCd7bP":{"type":"rich-text","blocks":{"heading_XkyQqy":{"type":"heading","settings":{"heading":"<strong>Revolutionary 2-Stage, Multi-Venturi Engine<\/strong>","heading_size":"h2"}},"text_T4XckY":{"type":"text","settings":{"text":"<ul><li>Delivers unmatched vacuum power while consuming significantly less compressed air.<\/li><\/ul><p><a href=\"#powerquad-video\" title=\"PowerQUAD Video\">Watch How It Works<\/a><\/p>"}}},"block_order":["heading_XkyQqy","text_T4XckY"],"custom_css":["h2 {font-size: 18px;}","li {font-size: 16px;}","a {font-size: 16px;}"],"settings":{"desktop_content_position":"left","content_alignment":"left","color_scheme":"","full_width":true,"bdr_btm":false,"padding_top":12,"padding_bottom":0,"anchor_id":""}},"rich_text_3HdWRX":{"type":"rich-text","blocks":{"heading_9ykxzn":{"type":"heading","settings":{"heading":"<strong>Models for Every Need<\/strong>","heading_size":"h2"}},"text_YLncPm":{"type":"text","settings":{"text":"<ul><li><strong>Standard Vacuums:<\/strong> Ideal for chips, dust, debris, liquids, or sludge.<\/li><li><strong>NED Vacuums:<\/strong> Perfect for reducing nuisance static electricity.<\/li><li><strong>ATEX-Certified Vacuums:<\/strong> Suitable for hazardous locations.<\/li><li><strong>PulseAir™ Vacuums:<\/strong> Equipped for high dust applications with on-demand filter cleaning.<\/li><li><strong>PulseAir™ Dust Extractors:<\/strong> Ideal for source-capture tools with on-demand filter cleaning.<\/li><\/ul><p><a href=\"#powerquad-models\" title=\"PowerQUAD Models\">Explore All Models<\/a><\/p>"}}},"block_order":["heading_9ykxzn","text_YLncPm"],"custom_css":["h2 {font-size: 18px;}","li {font-size: 16px;}","a {font-size: 16px;}"],"settings":{"desktop_content_position":"left","content_alignment":"left","color_scheme":"","full_width":true,"bdr_btm":false,"padding_top":12,"padding_bottom":0,"anchor_id":""}},"rich_text_jLk4hL":{"type":"rich-text","blocks":{"heading_HqGCyb":{"type":"heading","settings":{"heading":"<strong>User-Configurable Performance<\/strong>","heading_size":"h2"}},"text_KwGLUg":{"type":"text","settings":{"text":"<ul><li>Three color-coded, easy-to-change injector nozzle sets for tailored performance.<\/li><\/ul>"}}},"block_order":["heading_HqGCyb","text_KwGLUg"],"custom_css":["h2 {font-size: 18px;}","li {font-size: 16px;}","a {font-size: 16px;}"],"settings":{"desktop_content_position":"left","content_alignment":"left","color_scheme":"","full_width":true,"bdr_btm":false,"padding_top":12,"padding_bottom":8,"anchor_id":""}},"custom_text_and_image_blocks_AHbJbF":{"type":"custom-text-and-image-blocks","blocks":{"image_text_7en8Vx":{"type":"Image-Text","settings":{"img_logo":"shopify:\/\/shop_images\/nozzle_table_small_06-06-2024.png","img_position":"left","head":"","content":"","img_alignment":"seventy","button_label":"","button_link":""}}},"block_order":["image_text_7en8Vx"],"custom_css":[],"settings":{"padding_top":0,"padding_bottom":0}},"rich_text_4mLeh9":{"type":"rich-text","blocks":{"text_G6XxWe":{"type":"text","settings":{"text":"<p><a href=\"\/pages\/powerquad-vacuum-performance\" target=\"_blank\" title=\"PowerQUAD™ Vacuum Performance\">View Expanded Nozzle Chart<\/a><\/p>"}}},"block_order":["text_G6XxWe"],"custom_css":["h2 {font-size: 18px;}","li {font-size: 16px;}","a {font-size: 16px;}"],"settings":{"desktop_content_position":"left","content_alignment":"left","color_scheme":"","full_width":true,"bdr_btm":false,"padding_top":8,"padding_bottom":8,"anchor_id":""}},"rich_text_WB9n44":{"type":"rich-text","blocks":{"heading_Fj768A":{"type":"heading","settings":{"heading":"<strong>Rugged & Reliable<\/strong>","heading_size":"h2"}},"text_DJzdfU":{"type":"text","settings":{"text":"<ul><li>Powered by a rugged, aluminum die-cast vacuum generating engine with integral pressure gauge. Ultra-quiet operation.<\/li><\/ul>"}}},"block_order":["heading_Fj768A","text_DJzdfU"],"custom_css":["h2 {font-size: 18px;}","li {font-size: 16px;}","a {font-size: 16px;}"],"settings":{"desktop_content_position":"left","content_alignment":"left","color_scheme":"","full_width":true,"bdr_btm":false,"padding_top":0,"padding_bottom":0,"anchor_id":""}},"rich_text_8Unkgb":{"type":"rich-text","blocks":{"heading_hbHtLb":{"type":"heading","settings":{"heading":"<strong>Versatile<\/strong>","heading_size":"h2"}},"text_bA93R8":{"type":"text","settings":{"text":"<ul><li>Includes liquid shutoff device for Wet\/Dry capabilities.<\/li><\/ul>"}}},"block_order":["heading_hbHtLb","text_bA93R8"],"custom_css":["h2 {font-size: 18px;}","li {font-size: 16px;}","a {font-size: 16px;}"],"settings":{"desktop_content_position":"left","content_alignment":"left","color_scheme":"","full_width":true,"bdr_btm":false,"padding_top":12,"padding_bottom":0,"anchor_id":""}},"rich_text_rA73RG":{"type":"rich-text","blocks":{"heading_W6atan":{"type":"heading","settings":{"heading":"<strong>Backwards Compatible<\/strong>","heading_size":"h2"}},"text_9wPjkV":{"type":"text","settings":{"text":"<ul><li>All models are backwards compatible with all existing Guardair vacuum accessories and attachments.<\/li><\/ul>"}}},"block_order":["heading_W6atan","text_9wPjkV"],"custom_css":["h2 {font-size: 18px;}","li {font-size: 16px;}","a {font-size: 16px;}"],"settings":{"desktop_content_position":"left","content_alignment":"left","color_scheme":"","full_width":true,"bdr_btm":true,"padding_top":12,"padding_bottom":40,"anchor_id":""}},"multicolumn_UdqHWp":{"type":"multicolumn","blocks":{"column_fxgzd4":{"type":"column","settings":{"image":"shopify:\/\/shop_images\/PQ20C150_Main.jpg","image_link":"https:\/\/guardair.com\/collections\/powerquad-standard-pneumatic-vacuums","title":"<a href=\"\/collections\/powerquad-standard-pneumatic-vacuums\" title=\"PowerQUAD™ Standard Pneumatic Vacuums\"><strong>Standard Vacuums<\/strong><\/a>","text":"<p><em>5, 10, 20, 30, 55 Gallon Kits<\/em><\/p>","link_label":"","link":""}},"column_773wX6":{"type":"column","settings":{"image":"shopify:\/\/shop_images\/PQ20C150NED_Main.jpg","image_link":"https:\/\/guardair.com\/collections\/powerquad-ned-pneumatic-vacuums","title":"<a href=\"\/collections\/powerquad-ned-pneumatic-vacuums\" title=\"PowerQUAD™ NED Pneumatic Vacuums\"><strong>NED Vacuums<\/strong><\/a>","text":"<p><em>20, 30, 55 Gallon Kits<\/em><\/p>","link_label":"","link":""}},"column_ha8dwR":{"type":"column","settings":{"image":"shopify:\/\/shop_images\/PQ30C200ATEX_Main.jpg","image_link":"https:\/\/guardair.com\/collections\/powerquad-atex-certified-pneumatic-vacuums","title":"<a href=\"\/collections\/powerquad-atex-certified-pneumatic-vacuums\" title=\"PowerQUAD™ ATEX-Certified Pneumatic Vacuums\"><strong>ATEX-Certified Vacuums<\/strong><\/a>","text":"<p><em>30, 55 Gallon Kits<\/em><\/p>","link_label":"","link":""}},"column_g8G6bq":{"type":"column","settings":{"image":"shopify:\/\/shop_images\/PQ20C150NEDPA_Main.jpg","image_link":"https:\/\/guardair.com\/collections\/powerquad-pulseair-pneumatic-vacuums","title":"<a href=\"\/collections\/powerquad-pulseair-pneumatic-vacuums\" title=\"PowerQUAD™ PulseAir™ Pneumatic Vacuums\"><strong>PulseAir™ Vacuums<\/strong><\/a>","text":"<p><em>20, 30, 55 Gallon Kits<\/em><\/p>","link_label":"","link":""}},"column_CdT6b4":{"type":"column","settings":{"image":"shopify:\/\/shop_images\/PQ20C150NEDPAD_Main.jpg","image_link":"https:\/\/guardair.com\/collections\/powerquad-pulseair-dust-extractor-pneumatic-vacuums","title":"<a href=\"\/collections\/powerquad-pulseair-dust-extractor-pneumatic-vacuums\" title=\"PowerQUAD™ PulseAir™ Dust Extractor Pneumatic Vacuums\"><strong>PulseAir™ Dust Extractors<\/strong><\/a>","text":"<p><em>20, 30 Gallon Kits<\/em><\/p>","link_label":"","link":""}},"column_g8m7MT":{"type":"column","settings":{"image":"shopify:\/\/shop_images\/PQ30H200_Main.jpg","image_link":"https:\/\/guardair.com\/collections\/powerquad-pneumatic-vacuum-generating-heads","title":"<a href=\"\/collections\/powerquad-pneumatic-vacuum-generating-heads\" title=\"PowerQUAD™ Pneumatic Vacuum Generating Heads\"><strong>PowerQUAD™ Generating Heads<\/strong><\/a>","text":"<p><em>5, 10, 20, 30, 55 Gallon<\/em><\/p>","link_label":"","link":""}},"column_nJdVpN":{"type":"column","settings":{"image":"shopify:\/\/shop_images\/PQ900K.jpg","image_link":"https:\/\/guardair.com\/collections\/powerquad-retrofit-kits","title":"<a href=\"\/collections\/powerquad-retrofit-kits\" title=\"PowerQUAD™ Retrofit Kits\"><strong>PowerQUAD™ Retrofit Kits<\/strong><\/a>","text":"<p><em>Easily turn your existing Guardair  vacuum into a PowerQUAD™ vacuum.<\/em><\/p>","link_label":"","link":""}},"column_wRYjPg":{"type":"column","settings":{"image":"shopify:\/\/shop_images\/PQNMK30_ceb5324a-c415-49e7-872e-a20ad8bd3513.jpg","image_link":"https:\/\/guardair.com\/pages\/powerquad-vacuum-replacement-parts-accessories","title":"<a href=\"\/pages\/powerquad-vacuum-replacement-parts-accessories\" title=\"PowerQUAD™ Vacuum Replacement Parts & Accessories\"><strong>PowerQUAD™ Parts & Accessories<\/strong><\/a>","text":"<p><em>Filters, replacement parts, maintenance kits, and more.<\/em><\/p>","link_label":"","link":""}}},"block_order":["column_fxgzd4","column_773wX6","column_ha8dwR","column_g8G6bq","column_CdT6b4","column_g8m7MT","column_nJdVpN","column_wRYjPg"],"custom_css":[".multicolumn-card__info {background-color: #ffffff; padding-left: 14px; padding-right: 0px; padding-bottom: 10px;}","h2 {font-size: 24px;}","h3 {font-size: 18px; color: #002395;}","a {text-decoration: none;}","p {font-size: 16px; padding-left: 0px; padding-right: 0px;}",".button--primary {background-color: #002395; color: #ffffff; font-size: 18px; margin-top: 0px;}","a {color: #002395;}"],"settings":{"title":"<strong>PowerQUAD™ Models<\/strong>","heading_size":"h2","image_width":"full","image_ratio":"adapt","columns_desktop":4,"column_alignment":"left","background_style":"none","button_label":"SHOP POWERQUAD™","button_link":"shopify:\/\/collections\/powerquad","color_scheme":"scheme-1","columns_mobile":"2","swipe_on_mobile":false,"padding_top":12,"padding_bottom":40,"anchor_id":"powerquad-models"}},"image_with_text_U7PDyz":{"type":"image-with-text","blocks":{"heading_ThibpL":{"type":"heading","settings":{"heading":"Forever Warrany","heading_size":"h1"}},"text_rPXyij":{"type":"text","settings":{"text":"<p>All models come with our Forever Warranty. Learn more <a href=\"\/pages\/warranty\" target=\"_blank\" title=\"Product Warranties\">here<\/a>.<\/p>","text_style":"body"}}},"block_order":["heading_ThibpL","text_rPXyij"],"custom_css":["img {width: 75px; height: 75px;}","h2 {font-size: 18px; padding-top: 17px;}","p {font-size: 16px;}",".image-with-text__media {width: 75px; height: 75px; padding-bottom: 0 !important; border: none;}",".image-with-text__media-item {width: 75px; height: 75px;}",".image-with-text__media-item {flex: 1 1 8%; margin-right: 0;}",".image-with-text__text-item {flex: 1 1 92%; margin-left: 0;}",".image-with-text__text {margin-top: 0 !important;}",".image-with-text__content {padding-bottom: 0px;}"],"settings":{"image":"shopify:\/\/shop_images\/forever_warranty_blk.png","height":"adapt","desktop_image_width":"medium","layout":"image_first","desktop_content_position":"top","desktop_content_alignment":"left","content_layout":"no-overlap","section_color_scheme":"","color_scheme":"","image_behavior":"none","mobile_content_alignment":"left","padding_top":0,"padding_bottom":0}},"rich_text_KEyxnm":{"type":"rich-text","blocks":{"text_FBKiLM":{"type":"text","settings":{"text":""}}},"block_order":["text_FBKiLM"],"settings":{"desktop_content_position":"left","content_alignment":"left","color_scheme":"","full_width":true,"bdr_btm":true,"padding_top":0,"padding_bottom":16,"anchor_id":""}},"video_awWPiX":{"type":"video","custom_css":["h2 {font-size: 28px;}"],"settings":{"heading":"Video","heading_size":"h1","enable_video_looping":false,"video_url":"https:\/\/www.youtube.com\/watch?v=c3Ca5lwAU24","cover_image":"shopify:\/\/shop_images\/opening_screen.png","description":"How It Works: PowerQUAD™ Pneumatic Vacuums","full_width":false,"color_scheme":"","padding_top":36,"padding_bottom":100,"anchor_id":"powerquad-video"}}},"order":["main","image_with_text_FtQceg","multicolumn_no_links_GjFjUz","multicolumn_no_links_nWFPLa","general_industry_section_BwjAif","rich_text_LFGfcf","rich_text_MXjHG6","rich_text_hCd7bP","rich_text_3HdWRX","rich_text_jLk4hL","custom_text_and_image_blocks_AHbJbF","rich_text_4mLeh9","rich_text_WB9n44","rich_text_8Unkgb","rich_text_rA73RG","multicolumn_UdqHWp","image_with_text_U7PDyz","rich_text_KEyxnm","video_awWPiX"]}