{
  "sections": {
    "main": {
      "type": "main-page",
      "settings": {
        "padding_top": 28,
        "padding_bottom": 0
      }
    },
    "custom_liquid_dhKpVj": {
      "type": "custom-liquid",
      "custom_css": [
        ".button-container {display: flex; justify-content: space-between; width: 100%; gap: 20px;}",
        ".link-button {flex: 1;}",
        ".column-button {background-color: #002395; color: #ffffff; cursor: pointer; border: none; padding: 20px 40px !important; font-size: 20px; font-family: Eurostile-Bol, sans-serif; width: 100%; box-shadow: 3px 3px 4px rgba(0, 0, 0, 0.2);}",
        ".line-2 {font-family: Eurostile-Reg, sans-serif; font-size: 17px;}",
        "@media (max-width: 768px) {.button-container {flex-direction: column; gap: 8px; } .link-button {flex: none; width: auto; }}"
      ],
      "settings": {
        "custom_liquid": "<div class=\"page-width button-container\">\n\n<div class=\"link-button\"><a title=\"Plastic Attachments\" href=\"#plastic-attachments\"> <button type=\"button\" class=\"column-button\">\n<span class=\"line-1\">Plastic Attachments<\/span>\n<\/button><\/a><\/div>\n\n<div class=\"link-button\"><a title=\"Metal Attachments\" href=\"#metal-attachments\"> <button type=\"button\" class=\"column-button\">\n<span class=\"line-1\">Metal Attachments<\/span>\n<\/button><\/a><\/div>\n\n<div class=\"link-button\"><a title=\"Contain-It Kits®\" href=\"#contain-it-kits\"> <button type=\"button\" class=\"column-button\">\n<span class=\"line-1\">Contain-It Kits®<\/span>\n<\/button><\/a><\/div>\n\n<div class=\"link-button\"><a title=\"Replacement Parts\" href=\"#replacement-parts\"> <button type=\"button\" class=\"column-button\">\n<span class=\"line-1\">Replacement Parts<\/span>\n<\/button><\/a><\/div>\n\n<\/div>",
        "color_scheme": "",
        "padding_top": 40,
        "padding_bottom": 16
      }
    },
    "drums_three_section_LgcUBK": {
      "type": "drums-three-section",
      "blocks": {
        "block_3736JD": {
          "type": "block",
          "settings": {
            "itg_product": "plastic-crevice-tool-1-1-4-x-12"
          }
        },
        "block_UqMCUg": {
          "type": "block",
          "settings": {
            "itg_product": "plastic-crevice-tool-1-1-4-x-9"
          }
        },
        "block_x3tYk6": {
          "type": "block",
          "settings": {
            "itg_product": "plastic-extension-wand-1-1-4-x-19"
          }
        },
        "block_7G8G96": {
          "type": "block",
          "settings": {
            "itg_product": "round-plastic-bristle-brush-1-1-4-x-2-1-2"
          }
        },
        "block_AaTeVm": {
          "type": "block",
          "settings": {
            "itg_product": "plastic-bristle-brush-tip-1-1-4"
          }
        },
        "block_BErWVr": {
          "type": "block",
          "settings": {
            "itg_product": "elongated-plastic-brush-1-1-4-x-5"
          }
        },
        "block_VexypD": {
          "type": "block",
          "settings": {
            "itg_product": "oversized-plastic-poly-bristle-brush-1-1-4"
          }
        },
        "block_KyPDJP": {
          "type": "block",
          "settings": {
            "itg_product": "plastic-upholstery-clothes-tool-1-1-4-1-1-2"
          }
        },
        "block_M8yQDz": {
          "type": "block",
          "settings": {
            "itg_product": "plastic-swivel-brush-1-1-4-1-1-2"
          }
        },
        "block_kDemWF": {
          "type": "block",
          "settings": {
            "itg_product": "plastic-handheld-turbo-brush-1-1-4-x-6-3-8"
          }
        },
        "block_i8HBJM": {
          "type": "block",
          "settings": {
            "itg_product": "plastic-floor-brush-1-1-4-x-12"
          }
        },
        "block_gKENhP": {
          "type": "block",
          "settings": {
            "itg_product": "plastic-combination-floor-brush-1-1-4-1-1-2"
          }
        },
        "block_78Ai8K": {
          "type": "block",
          "settings": {
            "itg_product": "flat-plastic-utility-tool-1-1-4-1-1-2"
          }
        },
        "block_hrmLLF": {
          "type": "block",
          "settings": {
            "itg_product": "plastic-pipe-cleaning-tool-1-1-4-1-1-2"
          }
        },
        "block_rYBPCh": {
          "type": "block",
          "settings": {
            "itg_product": "gunvac-mini-vacuum-attachment-kit"
          }
        }
      },
      "block_order": [
        "block_3736JD",
        "block_UqMCUg",
        "block_x3tYk6",
        "block_7G8G96",
        "block_AaTeVm",
        "block_BErWVr",
        "block_VexypD",
        "block_KyPDJP",
        "block_M8yQDz",
        "block_kDemWF",
        "block_i8HBJM",
        "block_gKENhP",
        "block_78Ai8K",
        "block_hrmLLF",
        "block_rYBPCh"
      ],
      "settings": {
        "heading": "Plastic Attachments",
        "link": "",
        "f_head": "Part Number",
        "s_head": "Description",
        "t_head": "Product",
        "padding_top": 36,
        "padding_bottom": 36,
        "anchor_id": "plastic-attachments"
      }
    },
    "drums_three_section_LmhGwd": {
      "type": "drums-three-section",
      "blocks": {
        "block_fTDNnK": {
          "type": "block",
          "settings": {
            "itg_product": "aluminum-crevice-tool-3-4-x-6"
          }
        },
        "block_fwXpiG": {
          "type": "block",
          "settings": {
            "itg_product": "steel-telescoping-extension-1-1-4"
          }
        },
        "block_rARtVT": {
          "type": "block",
          "settings": {
            "itg_product": "aluminum-curved-inlet-extension-3-4-x-18"
          }
        },
        "block_C3ieL8": {
          "type": "block",
          "settings": {
            "itg_product": "aluminum-straight-inlet-extension-3-4-x-18"
          }
        },
        "block_AJebg6": {
          "type": "block",
          "settings": {
            "itg_product": "flexible-metal-extension-w-tapered-inlet-3-4-x-18"
          }
        }
      },
      "block_order": [
        "block_fTDNnK",
        "block_fwXpiG",
        "block_rARtVT",
        "block_C3ieL8",
        "block_AJebg6"
      ],
      "settings": {
        "heading": "Metal Attachments",
        "link": "",
        "f_head": "Part Number",
        "s_head": "Description",
        "t_head": "Product",
        "padding_top": 36,
        "padding_bottom": 36,
        "anchor_id": "metal-attachments"
      }
    },
    "drums_three_section_tnLcWd": {
      "type": "drums-three-section",
      "blocks": {
        "block_JHq7gF": {
          "type": "block",
          "settings": {
            "itg_product": "contain-it-kit-standalone-accessory"
          }
        },
        "block_WCABe6": {
          "type": "block",
          "settings": {
            "itg_product": "contain-it-kit-with-gunvac"
          }
        },
        "block_PxJkH3": {
          "type": "block",
          "settings": {
            "itg_product": "contain-it-kit-with-flexible-gunvac"
          }
        },
        "block_yRj3px": {
          "type": "block",
          "settings": {
            "itg_product": "flexible-vinyl-vacuum-hose-1-1-4-sold-by-the-foot"
          }
        },
        "block_HzFL7M": {
          "type": "block",
          "settings": {
            "itg_product": "vacuum-hose-cuff-1-1-4-to-1-1-4"
          }
        },
        "block_jmDxWb": {
          "type": "block",
          "settings": {
            "itg_product": "small-standard-cartridge-filter"
          }
        },
        "block_t47nb4": {
          "type": "block",
          "settings": {
            "itg_product": "contain-it-kit-cloth-filter-cover"
          }
        }
      },
      "block_order": [
        "block_JHq7gF",
        "block_WCABe6",
        "block_PxJkH3",
        "block_yRj3px",
        "block_HzFL7M",
        "block_jmDxWb",
        "block_t47nb4"
      ],
      "settings": {
        "heading": "Contain-It Kit® & Accessories",
        "link": "",
        "f_head": "Part Number",
        "s_head": "Description",
        "t_head": "Product",
        "padding_top": 36,
        "padding_bottom": 36,
        "anchor_id": "contain-it-kits"
      }
    },
    "drums_three_section_xzx4qf": {
      "type": "drums-three-section",
      "blocks": {
        "block_Tqhnhd": {
          "type": "block",
          "settings": {
            "itg_product": "gunvac-valve-repair-kit"
          }
        },
        "block_D6MhMT": {
          "type": "block",
          "settings": {
            "itg_product": "gunvac-high-filtration-collection-bag"
          }
        },
        "block_pgJ87p": {
          "type": "block",
          "settings": {
            "itg_product": "gunvac-1500-vacuum-head-casting"
          }
        }
      },
      "block_order": [
        "block_Tqhnhd",
        "block_D6MhMT",
        "block_pgJ87p"
      ],
      "settings": {
        "heading": "Replacement Parts",
        "link": "",
        "f_head": "Part Number",
        "s_head": "Description",
        "t_head": "Product",
        "padding_top": 36,
        "padding_bottom": 100,
        "anchor_id": "replacement-parts"
      }
    }
  },
  "order": [
    "main",
    "custom_liquid_dhKpVj",
    "drums_three_section_LgcUBK",
    "drums_three_section_LmhGwd",
    "drums_three_section_tnLcWd",
    "drums_three_section_xzx4qf"
  ]
}
