{"sections":{"main":{"type":"main-page","settings":{"padding_top":28,"padding_bottom":0}},"58a18546-d58f-4ca8-ac04-71264ddcacec":{"type":"tech-specs-section-mlv","blocks":{"6a7e919b-1f68-4b62-ab6e-5289e08bb082":{"type":"block_heading","settings":{"main_heading":"Safety Air Guns and Nozzles","heading1":"Part Number","heading2":"Model\/ Description","heading3":"Nozzle Type","heading4":"Output Thrust(lbs)","heading5":"Noise Level(dB)","heading6":"Air Usage(cfm)","heading7":"Static Output Pressure*  (psi)","heading8":"Minimum Compressor Size  **(hp)"}},"522cb500-0eda-49d2-bc7a-75f609749f5b":{"type":"block_data","settings":{"data1":"57S30XB","data2":"Original","data3":"Air Shield","data4":"1.0","data5":"104","data6":"36","data7":"16","data8":"8.0","product_url":""}},"04297f5d-68f3-4322-a82e-804504acac9f":{"type":"block_data","settings":{"data1":"74BH","data2":"Blind Hole","data3":"Air Shield","data4":"0.1","data5":"103","data6":"35","data7":"13","data8":"8.0","product_url":"blind-hole-74bh-safety-air-gun-12-angled-tip"}},"02393f20-50ad-42d4-82d8-933b1d4883f3":{"type":"block_data","settings":{"data1":"74H","data2":"AirMiser","data3":"AirMiser","data4":"0.6","data5":"98","data6":"10","data7":"N\/A","data8":"2.5","product_url":""}},"a4efc1f3-e1f3-423b-bf29-345126d567a2":{"type":"block_data","settings":{"data1":"75LJ Series","data2":"Long John Extended Reach","data3":"Venturi","data4":"2.0","data5":"107","data6":"34","data7":"17","data8":"7.5","product_url":"long-john-75lj-safety-air-gun-6"}},"d2610137-442d-46e1-84b1-fa39f4fa118a":{"type":"block_data","settings":{"data1":"74S\/SK","data2":"Jet Guard","data3":"Air Shield","data4":"0.4","data5":"102","data6":"35","data7":"13","data8":"8.0","product_url":"jetguard-74s-safety-air-gun"}},"c176fae3-015d-43e7-89d6-10881a0fb33f":{"type":"block_data","settings":{"data1":"75XT Series","data2":"Xtra Thrust Extended Reach","data3":"Venturi","data4":"2.8","data5":"108","data6":"54","data7":"18","data8":"12.0","product_url":"xtrathrust-75xt-safety-air-gun-6"}},"52f17332-f163-449e-80ab-df9db0b7d30c":{"type":"block_data","settings":{"data1":"75XXT","data2":"Xtra Thrust","data3":"Venturi","data4":"2.8","data5":"108","data6":"54","data7":"23","data8":"12.0","product_url":""}},"52bf3fc3-2b8d-4192-b0ce-74483aa8ea07":{"type":"block_data","settings":{"data1":"76S006","data2":"Booster","data3":"Air Shield","data4":"0.5","data5":"104","data6":"35","data7":"13","data8":"8.0","product_url":""}},"8a2cf27a-252e-4490-be40-e6649ae8ebd1":{"type":"block_data","settings":{"data1":"80\/80WJ","data2":"WhisperJet","data3":"WhisperJet","data4":"1.1","data5":"93","data6":"20","data7":"N\/A","data8":"5.0","product_url":"whisperjet-80-safety-air-gun-with-volume-control"}},"82ad965a-1480-44c6-b0b8-a2e74d92e5d5":{"type":"block_data","settings":{"data1":"80LJ Series","data2":"WhisperJet Extended Reach","data3":"WhisperJet","data4":"1.5","data5":"99","data6":"29","data7":"N\/A","data8":"6.5","product_url":"whisperjet-80lj-safety-air-gun-6"}},"784c6203-06d8-4ea3-86e1-06012407176c":{"type":"block_data","settings":{"data1":"84CNA","data2":"WhisperJet Nozzle","data3":"WhisperJet","data4":"1.1","data5":"93","data6":"23","data7":"N\/A","data8":"5.0","product_url":""}},"6e9de519-6fe2-486d-b0ba-7c8d15b64d6d":{"type":"block_data","settings":{"data1":"86FLX","data2":"Flextension","data3":"WhisperJet","data4":"1.1","data5":"93","data6":"23","data7":"N\/A","data8":"5.0","product_url":"flex-80-flextension-w-whisperjet-nozzle-12"}},"86a50475-61b0-4c48-ab19-0752e52f7281":{"type":"block_data","settings":{"data1":"900","data2":"Thumbswitch","data3":"Venturi","data4":"1.1","data5":"97","data6":"16","data7":"16","data8":"3.5","product_url":""}},"c5eeef26-d9ea-4cb5-909a-68a9486022d1":{"type":"block_data","settings":{"data1":"900LJ Series","data2":"Thumbswitch Extended Reach","data3":"Venturi","data4":"1.1","data5":"100","data6":"16","data7":"13","data8":"3.5","product_url":"thumbswitch-900lj-safety-air-gun-6"}},"8512cac6-50d5-4234-ac2d-8f83f20483b5":{"type":"block_data","settings":{"data1":"900S","data2":"Thumbswitch","data3":"Venturi","data4":"0.2","data5":"97","data6":"22","data7":"3","data8":"5.0","product_url":""}},"26ef5ddf-eca9-44a2-98e2-8480d43020f1":{"type":"block_data","settings":{"data1":"970","data2":"Thumbswitch","data3":"Venturi","data4":"0.4","data5":"92","data6":"7","data7":"11","data8":"2.0","product_url":""}},"d8c09127-b656-4c83-a620-a154fc9e8182":{"type":"block_data","settings":{"data1":"980","data2":"Thumbswitch Whisper Jet","data3":"WhisperJet","data4":"0.9","data5":"89","data6":"19","data7":"N\/A","data8":"4.5","product_url":""}},"b9dc0474-3e23-4f10-abc0-fdcb26be4a17":{"type":"block_data","settings":{"data1":"F5 Venturi Series","data2":"Force 5 Venturi Extended Reach","data3":"Venturi","data4":"12.0","data5":"121","data6":"185","data7":"16","data8":"42.0","product_url":"force-5-f5-safety-air-gun-24"}},"851dda5f-75c0-40fc-8259-38ad5df6e41a":{"type":"block_data","settings":{"data1":"F5 QuietForce Series","data2":"Force 5 QuietForce Extended Reach","data3":"QuietForce","data4":"7.1","data5":"101","data6":"130","data7":"7","data8":"29.0","product_url":"force-5-quietforce-f5-safety-air-gun-24"}},"fa5c0716-743d-48e9-aed8-480d1f8bac27":{"type":"block_data","settings":{"data1":"HYD Series","data2":"HydroForce Extended Reach","data3":"Venturi","data4":"13.5","data5":"99\/110***","data6":"140","data7":"10","data8":"31.0","product_url":"hydroforce-hyd-power-wash-gun-24"}},"78b66e4a-5c0b-463e-a2ec-1e91872e1f2d":{"type":"block_data","settings":{"data1":"INF Venturi Series","data2":"Inforcer Venturi Extended Reach","data3":"Venturi","data4":"12.0","data5":"121","data6":"185","data7":"16","data8":"42.0","product_url":"inforcer-inf5-safety-air-gun-24"}},"26f3623c-b135-435e-a41b-692d443484ef":{"type":"block_data","settings":{"data1":"INF Steel Series","data2":"Inforcer Steel Extended Reach","data3":"Chisel Point","data4":"12.0","data5":"121","data6":"185","data7":"16","data8":"42.0","product_url":"inforcer-inf5-steel-safety-air-gun-w-chisel-point-nozzle-24"}},"e4fc6e6f-2313-4c2b-8f57-4db5a919ed90":{"type":"block_data","settings":{"data1":"INF QuietForce Series","data2":"Inforcer QuietForce Extended Reach","data3":"QuietForce","data4":"7.1","data5":"101","data6":"130","data7":"7","data8":"29.0","product_url":"inforcer-quietforce-inf5-safety-air-gun-24"}},"40ca2da9-f81a-4e0f-aa21-1c51de30393a":{"type":"block_data","settings":{"data1":"LZR600","data2":"Lazer PalmSwitch","data3":"Venturi","data4":"0.6","data5":"100","data6":"8","data7":"14","data8":"2.0","product_url":""}},"b57459c0-843d-40d2-a127-cb75f8fbe381":{"type":"block_data","settings":{"data1":"GA4400 Series","data2":"PalmJet","data3":"Star-tip","data4":"0.4","data5":"85","data6":"6","data7":"14","data8":"1.3","product_url":"palmjet-ga44-safety-air-gun-4-straight"}},"d20033fc-d79f-404c-8bb9-d4b3578ea716":{"type":"block_data","settings":{"data1":"LZR650","data2":"Lazer Pistol Grip","data3":"Venturi","data4":"0.6","data5":"100","data6":"8","data7":"14","data8":"2.0","product_url":""}},"b38455f6-cef6-4543-bbc7-be288c7ec2b7":{"type":"block_data","settings":{"data1":"LZR600 Series","data2":"Lazer PalmSwitch Extended Reach","data3":"Venturi","data4":"0.9","data5":"101","data6":"13","data7":"16","data8":"3.0","product_url":"lazer-palmswitch-600-safety-air-gun-6"}},"f589f3db-1d0a-4496-b6ee-f9e2fe03fbde":{"type":"block_data","settings":{"data1":"LZR650 Series","data2":"Lazer Pistol Grip Extended Reach","data3":"Venturi","data4":"1.1","data5":"101","data6":"15","data7":"19","data8":"3.0","product_url":"lazer-pistol-grip-650-safety-air-gun-6"}},"9582da9b-cf8b-484d-947a-91e26e08dffd":{"type":"block_data","settings":{"data1":"U75LJ Series","data2":"ULTRA Venturi Extended Reach","data3":"Venturi","data4":"2.8","data5":"104","data6":"49","data7":"18","data8":"11.0","product_url":"ultra-u75lj-safety-air-gun-6-w-long-trigger"}},"1646a7cf-321c-45e3-aacd-6ef4f7ce1922":{"type":"block_data","settings":{"data1":"U75XT Series","data2":"ULTRA Xtra Thrust Extended Reach","data3":"Venturi","data4":"3.3","data5":"101","data6":"66","data7":"20","data8":"15.0","product_url":"ultra-xtrathrust-u75xt-safety-air-gun-6-w-long-trigger"}},"37e5335d-a9c1-41a0-a5eb-f43e902c6211":{"type":"block_data","settings":{"data1":"U80WJ2","data2":"Ultra WhisperJet","data3":"WhisperJet","data4":"1.9","data5":"97","data6":"40","data7":"N\/A","data8":"9.0","product_url":""}},"1d48a79c-adf2-4b0d-8b56-bdf4b7ddd2da":{"type":"block_data","settings":{"data1":"U80WJ Series","data2":"ULTRA WhisperJet Extended Reach","data3":"WhisperJet","data4":"1.9","data5":"97","data6":"40","data7":"N\/A","data8":"9.0","product_url":"ultra-whisperjet-u80wj-safety-air-gun-1-4-fnpt-inlet"}},"d6d8903a-8b30-4c12-bc0e-91c1ea5bbc98":{"type":"block_heading1","settings":{"main_heading":"Gun Vacs","heading1":"Part Number","heading2":"Model\/ Description","heading3":"Vacuum Lift(in H20)","heading4":"Vacuum Flow(cfm)","heading5":"Air Usage(cfm)","heading6":"Minimum Compressor Size*(hp)","heading7":"","heading8":""}},"65d4bbe1-0203-45b3-b225-7bd6acadfe1e":{"type":"block_data1","settings":{"data1":"1500","data2":"GunVac","data3":"75","data4":"78","data5":"29","data6":"7.5","data7":"","data8":"","product_url":""}},"02f14cb7-5a0c-47f0-aa04-c1499a44b798":{"type":"block_data1","settings":{"data1":"1510","data2":"GunVac Kit","data3":"75","data4":"78","data5":"29","data6":"7.5","data7":"","data8":"","product_url":""}},"48054978-5454-4d59-9f2b-d463de1f7ab6":{"type":"block_data1","settings":{"data1":"1548","data2":"Flexible GunVac","data3":"75","data4":"78","data5":"29","data6":"7.5","data7":"","data8":"","product_url":""}},"b8e35243-8408-4863-b43a-d0be8400dc3e":{"type":"block_heading2","settings":{"main_heading":"Syphon Guns","heading1":"Part Number","heading2":"Model\/Description","heading3":"Flow Rate(gph)","heading4":"Air Usage(cfm)","heading5":"Minimum Compressor Size*(hp)","heading6":"","heading7":"","heading8":""}},"bd61e48c-77a9-4f5d-869c-a86ae7e4a88e":{"type":"block_data2","settings":{"data1":"79SG","data2":"Syphon Spray Gun","data3":"12","data4":"9","data5":"2.0","data6":"","data7":"","data8":"","product_url":""}},"79f3c731-6e09-46bc-894d-4c0d72249e75":{"type":"block_data2","settings":{"data1":"79SG012","data2":"Syphon Spray Gun Extended Reach","data3":"16","data4":"9","data5":"2.0","data6":"","data7":"","data8":"","product_url":""}},"df85e2d3-d854-4803-adb5-0516d1fc24c2":{"type":"block_data2","settings":{"data1":"79SGM","data2":"Syphon Spray Gun","data3":"12","data4":"8","data5":"2.0","data6":"","data7":"","data8":"","product_url":""}},"6238f7a9-e5c3-4d05-8b63-9fd54325aef1":{"type":"block_data2","settings":{"data1":"79WG","data2":"WaterJet Cleaning Gun","data3":"22","data4":"15","data5":"3.0","data6":"","data7":"","data8":"","product_url":""}},"0a02deb8-cb46-4183-9069-533d02abe289":{"type":"block_data2","settings":{"data1":"79WGD","data2":"WaterJet Cleaning Gun Kit","data3":"22","data4":"15","data5":"3.0","data6":"","data7":"","data8":"","product_url":""}},"2694463c-923a-4eff-b7b1-bfcf8d18fdd5":{"type":"block_data2","settings":{"data1":"83SG","data2":"Pneumatic Oil Gun","data3":"15","data4":"9","data5":"2.0","data6":"","data7":"","data8":"","product_url":""}},"9f377bc9-f4c9-44bd-a737-e797cd6ec19d":{"type":"product_blocks","settings":{"product_heading":"SEE OUR SAFETY AIR GUNS:","product1":"ultra-xtrathrust-u75xt-safety-air-gun-6-w-long-trigger","product2":"palmjet-ga44-safety-air-gun-4-straight","product3":"thumbswitch-900-safety-air-gun","product4":"force-5-f5-safety-air-gun-24","product5":"syphon-spray-gun-79sg-6"}}},"block_order":["6a7e919b-1f68-4b62-ab6e-5289e08bb082","522cb500-0eda-49d2-bc7a-75f609749f5b","04297f5d-68f3-4322-a82e-804504acac9f","02393f20-50ad-42d4-82d8-933b1d4883f3","a4efc1f3-e1f3-423b-bf29-345126d567a2","d2610137-442d-46e1-84b1-fa39f4fa118a","c176fae3-015d-43e7-89d6-10881a0fb33f","52f17332-f163-449e-80ab-df9db0b7d30c","52bf3fc3-2b8d-4192-b0ce-74483aa8ea07","8a2cf27a-252e-4490-be40-e6649ae8ebd1","82ad965a-1480-44c6-b0b8-a2e74d92e5d5","784c6203-06d8-4ea3-86e1-06012407176c","6e9de519-6fe2-486d-b0ba-7c8d15b64d6d","86a50475-61b0-4c48-ab19-0752e52f7281","c5eeef26-d9ea-4cb5-909a-68a9486022d1","8512cac6-50d5-4234-ac2d-8f83f20483b5","26ef5ddf-eca9-44a2-98e2-8480d43020f1","d8c09127-b656-4c83-a620-a154fc9e8182","b9dc0474-3e23-4f10-abc0-fdcb26be4a17","851dda5f-75c0-40fc-8259-38ad5df6e41a","fa5c0716-743d-48e9-aed8-480d1f8bac27","78b66e4a-5c0b-463e-a2ec-1e91872e1f2d","26f3623c-b135-435e-a41b-692d443484ef","e4fc6e6f-2313-4c2b-8f57-4db5a919ed90","40ca2da9-f81a-4e0f-aa21-1c51de30393a","b57459c0-843d-40d2-a127-cb75f8fbe381","d20033fc-d79f-404c-8bb9-d4b3578ea716","b38455f6-cef6-4543-bbc7-be288c7ec2b7","f589f3db-1d0a-4496-b6ee-f9e2fe03fbde","9582da9b-cf8b-484d-947a-91e26e08dffd","1646a7cf-321c-45e3-aacd-6ef4f7ce1922","37e5335d-a9c1-41a0-a5eb-f43e902c6211","1d48a79c-adf2-4b0d-8b56-bdf4b7ddd2da","d6d8903a-8b30-4c12-bc0e-91c1ea5bbc98","65d4bbe1-0203-45b3-b225-7bd6acadfe1e","02f14cb7-5a0c-47f0-aa04-c1499a44b798","48054978-5454-4d59-9f2b-d463de1f7ab6","b8e35243-8408-4863-b43a-d0be8400dc3e","bd61e48c-77a9-4f5d-869c-a86ae7e4a88e","79f3c731-6e09-46bc-894d-4c0d72249e75","df85e2d3-d854-4803-adb5-0516d1fc24c2","6238f7a9-e5c3-4d05-8b63-9fd54325aef1","0a02deb8-cb46-4183-9069-533d02abe289","2694463c-923a-4eff-b7b1-bfcf8d18fdd5","9f377bc9-f4c9-44bd-a737-e797cd6ec19d"],"custom_css":[".sku-link {color: #002395;}",".itg_tech_specs_section {margin-top: 45px; margin-bottom: 50px;}"],"settings":{"richtext1":"<p>Note: All parameters measured at 100 psi inlet pressure.<br\/>* Measured at nozzle tip when dead-ended. N\/A indicates nozzle tip cannot physically be blocked.<br\/>** Required to run continuously. Tank size will also be a factor.<br\/>*** 99dB with air\/water mixture. 110 dB with air only.<\/p>","richtext2":"<p>Note: All parameters measured at 100 psi inlet pressure.<br\/>* Required to run continuously. Tank size will also be a factor.<\/p>","richtext3":"<p>Note: All parameters measured at 100 psi inlet pressure.<br\/>* Required to run continuously. Tank size will also be a factor.<\/p>"}}},"order":["main","58a18546-d58f-4ca8-ac04-71264ddcacec"]}