{"sections":{"main":{"type":"main-page","settings":{"padding_top":28,"padding_bottom":0}},"multicolumn_xezMVG":{"type":"multicolumn","blocks":{"column_7FFpHb":{"type":"column","settings":{"image":"shopify:\/\/shop_images\/guardair-corporation-powerquad-upgrade-retrofit-kit.png","image_link":"https:\/\/guardair.com\/pages\/powerquad-vacuum-replacement-parts-accessories","title":"<a href=\"\/pages\/powerquad-vacuum-replacement-parts-accessories\" title=\"PowerQUAD™ Vacuum Replacement Parts & Accessories\">PowerQUAD™ Parts & Accessories<\/a>","text":"<p>Explore our comprehensive selection tailored to fit your PowerQUAD™ vacuum model.<\/p>","link_label":"","link":""}},"column_7dazHw":{"type":"column","settings":{"image":"shopify:\/\/shop_images\/guardair-corporation-powerquad-filters.png","image_link":"https:\/\/guardair.com\/pages\/pneumatic-vacuum-parts-filters","title":"<a href=\"\/pages\/pneumatic-vacuum-parts-filters\" title=\"Pneumatic Vacuum Parts - Filters\">Vacuum Filters<\/a>","text":"<p>Enhance air quality and equipment longevity with our range of high-efficiency filters.<\/p>","link_label":"","link":""}},"column_C7thbA":{"type":"column","settings":{"image":"shopify:\/\/shop_images\/guardair-corporation-standard-duty-vinyl-hose-set-n69110.png","image_link":"https:\/\/guardair.com\/pages\/pneumatic-vacuum-parts-hoses","title":"<a href=\"\/pages\/pneumatic-vacuum-parts-hoses\" title=\"Pneumatic Vacuum Parts - Hoses\">Vacuum Hoses<\/a>","text":"<p>Engineered for maximum suction power and reliable performance in challenging conditions.<\/p>","link_label":"","link":""}},"column_G4UAWG":{"type":"column","settings":{"image":"shopify:\/\/shop_images\/guardair-corporation-vacuum-hose-cuff-n625.png","image_link":"https:\/\/guardair.com\/pages\/pneumatic-vacuum-parts-hose-cuffs-couplers-adapters","title":"<a href=\"\/pages\/pneumatic-vacuum-parts-hose-cuffs-couplers-adapters\" title=\"Pneumatic Vacuum Parts - Hose Cuffs, Couplers & Adaptors\">Hose Cuffs, Couplers, & Adaptors<\/a>","text":"<p>Ensure secure connections and efficient airflow with hose cuffs, couplers, and adaptors.<\/p>","link_label":"","link":""}},"column_cCawkH":{"type":"column","settings":{"image":"shopify:\/\/shop_images\/guardair-corporation-steel-drum-5-gallon-n050.png","image_link":"https:\/\/guardair.com\/pages\/pneumatic-vacuum-parts-drums-liners-gaskets","title":"<a href=\"\/pages\/pneumatic-vacuum-parts-drums-liners-gaskets\" title=\"Pneumatic Vacuum Parts - Drums, Liners & Gaskets\">Drums, Liners, & Gaskets<\/a>","text":"<p>Upgrade your vacuum system with durable drums, disposable and reusable liners, and secure lid gaskets.<\/p>","link_label":"","link":""}},"column_iF4tK4":{"type":"column","settings":{"image":"shopify:\/\/shop_images\/guardair-corporation-powerquad-liquid-shut-off.png","image_link":"https:\/\/guardair.com\/pages\/pneumatic-vacuum-parts-drum-accessories","title":"<a href=\"\/pages\/pneumatic-vacuum-parts-drum-accessories\" title=\"Pneumatic Vacuum Parts - Drum Accessories\">Drum Accessories<\/a>","text":"<p>Maximize efficiency with drum dollies, liquid drain valves, and liquid shut-off assemblies.<\/p>","link_label":"","link":""}},"column_VpyJwr":{"type":"column","settings":{"image":"shopify:\/\/shop_images\/guardair-corporation-aluminium-crevice-tool.png","image_link":"https:\/\/guardair.com\/pages\/pneumatic-vacuum-parts-metal-attachments","title":"<a href=\"\/pages\/pneumatic-vacuum-parts-metal-attachments\" title=\"Pneumatic Vacuum Parts - Metal Attachments\">Metal Attachments<\/a>","text":"<p>Optimize your vacuum setup with quality metal attachments such as extensions, crevice tools, and brush tools.<\/p>","link_label":"","link":""}},"column_xHfP3n":{"type":"column","settings":{"image":"shopify:\/\/shop_images\/guardair-corporation-vacuum-round-bristle-brush-1400a03.png","image_link":"https:\/\/guardair.com\/pages\/pneumatic-vacuum-parts-plastic-attachments","title":"<a href=\"\/pages\/pneumatic-vacuum-parts-plastic-attachments\" title=\"Pneumatic Vacuum Parts - Plastic Attachments\">Plastic Attachments<\/a>","text":"<p>Upgrade your pneumatic vacuum with durable plastic extensions, crevice tools, and a wide variety brush tools.<\/p>","link_label":"","link":""}},"column_9iMXeA":{"type":"column","settings":{"image":"shopify:\/\/shop_images\/guardair-corporation-silencer-foam.png","image_link":"https:\/\/guardair.com\/pages\/pneumatic-vacuum-parts-exhaust-silencer-foam-inserts","title":"<a href=\"\/pages\/pneumatic-vacuum-parts-exhaust-silencer-foam-inserts\" title=\"Pneumatic Vacuum Parts - Exhaust Silencer Foam Inserts\">Exhaust Silencer Foam<\/a>","text":"<p>Reduce noise with our exhaust silencer foam inserts, designed to muffle pneumatic vacuum sounds.<\/p>","link_label":"","link":""}},"column_biUe4F":{"type":"column","settings":{"image":"shopify:\/\/shop_images\/guardair-corporation-gunvac-collection-bag-1500a02.png","image_link":"https:\/\/guardair.com\/pages\/pneumatic-vacuum-parts-gunvac-accessories","title":"<a href=\"\/pages\/pneumatic-vacuum-parts-gunvac-accessories\" title=\"Pneumatic Vacuum Parts - GunVac Accessories\">GunVac Accessories<\/a>","text":"<p>Increase the efficiency of your GunVac with attachments, replacement collection bags, and Contain-It-Kits.<\/p>","link_label":"","link":""}},"column_6EE7Az":{"type":"column","settings":{"image":"shopify:\/\/shop_images\/guardair-corporation-specialty-vac-parts.png","image_link":"https:\/\/guardair.com\/pages\/pneumatic-vacuum-parts-specialty-vacuums","title":"<a href=\"\/pages\/pneumatic-vacuum-parts-specialty-vacuums\" title=\"Specialty Vacuum Parts & Accessories\">Specialty Vac Parts & Accessories<\/a>","text":"<p>Find essential parts and accessories for our specialty vacs, ensuring reliable operation and extended lifespan.<\/p>","link_label":"","link":""}}},"block_order":["column_7FFpHb","column_7dazHw","column_C7thbA","column_G4UAWG","column_cCawkH","column_iF4tK4","column_VpyJwr","column_xHfP3n","column_9iMXeA","column_biUe4F","column_6EE7Az"],"custom_css":[".multicolumn-card__info {background-color: #ffffff; padding-left: 0px; padding-right: 0px;}","h2 {font-size: 28px;}","h3 {color: #002395;}","a {text-decoration: none;}"],"settings":{"title":"","heading_size":"h1","image_width":"full","image_ratio":"adapt","columns_desktop":4,"column_alignment":"left","background_style":"none","button_label":"","button_link":"","color_scheme":"scheme-1","columns_mobile":"1","swipe_on_mobile":false,"padding_top":40,"padding_bottom":100,"anchor_id":""}},"multicolumn_Ni4Ua7":{"type":"multicolumn","blocks":{"column_MjhwRB":{"type":"column","settings":{"image":"shopify:\/\/shop_images\/guardair-corporation-xtrathrust-safety-air-gun-2.png","image_link":"","title":"<a href=\"https:\/\/guardair.com\/pages\/safety-air-guns\" title=\"https:\/\/guardair.com\/pages\/safety-air-guns\">Safety Air Guns<\/a>","text":"<p>Our Safety Air Guns provide exceptional performance, maximize operator comfort, and meet OSHA Standards.<\/p>","link_label":"Shop Now","link":""}},"column_qPbddg":{"type":"column","settings":{"image":"shopify:\/\/shop_images\/guardair-corporation-pulseair-pneumatic-vacuums-family.png","image_link":"","title":"Pneumatic Vacuums","text":"<p>Our Pneumatic Vacuums offer significant advantages in performance, dependability, safety, and life-cycle cost.<\/p>","link_label":"Shop Now","link":"https:\/\/guardair.com\/pages\/pneumatic-vacuums"}},"column_hGLFRn":{"type":"column","settings":{"image":"shopify:\/\/shop_images\/guardair-corporation-syphon-spray-gun-2.png","image_link":"","title":"Syphon Spray Guns","text":"<p>Pneumatic Syphon Spray Guns designed to spray a wide variety of liquids.<\/p>","link_label":"Shop Now","link":"https:\/\/guardair.com\/pages\/syphon-spray-guns"}}},"block_order":["column_MjhwRB","column_qPbddg","column_hGLFRn"],"disabled":true,"settings":{"title":"","heading_size":"h1","image_width":"full","image_ratio":"adapt","columns_desktop":3,"column_alignment":"left","background_style":"primary","button_label":"","button_link":"","color_scheme":"scheme-1","columns_mobile":"1","swipe_on_mobile":false,"padding_top":24,"padding_bottom":12,"anchor_id":""}},"multicolumn_6TQVp7":{"type":"multicolumn","blocks":{"column_MCwJAN":{"type":"column","settings":{"image":"shopify:\/\/shop_images\/guardair-corporation-gun-rebuild-kit-ultra-with-short-trigger.png","image_link":"","title":"Safety Air Gun Parts & Accessories","text":"<p>Upgrade your air guns with nozzles and extensions or accessorize with chip shields and grips.<\/p>","link_label":"Shop Now","link":"https:\/\/guardair.com\/pages\/safety-air-gun-parts"}},"column_VKyjQT":{"type":"column","settings":{"image":"shopify:\/\/shop_images\/guardair-corporation-hepa-cartridge-filter-set.png","image_link":"","title":"Pneumatic Vacuum Parts & Accessories","text":"<p>Pair text with an image<\/p>","link_label":"NO PAGE TO LINK TO YET","link":""}},"column_FRych4":{"type":"column","settings":{"image":"shopify:\/\/shop_images\/guardair-corporation-quickselect-tool-rack-magnetic.png","image_link":"","title":"Workshop Accessories","text":"<p>Organize your workstation, promote shop cleanliness, and improve worker safety with our shop accessories.<\/p>","link_label":"Shop Now","link":"https:\/\/guardair.com\/pages\/shop-accessories"}}},"block_order":["column_MCwJAN","column_VKyjQT","column_FRych4"],"disabled":true,"settings":{"title":"","heading_size":"h1","image_width":"full","image_ratio":"adapt","columns_desktop":3,"column_alignment":"left","background_style":"primary","button_label":"","button_link":"","color_scheme":"scheme-1","columns_mobile":"1","swipe_on_mobile":false,"padding_top":12,"padding_bottom":12,"anchor_id":""}},"multicolumn_fmRJHE":{"type":"multicolumn","blocks":{"column_yBEnyM":{"type":"column","settings":{"image":"shopify:\/\/shop_images\/guardair-corporation-general-purpose-air-hose-assembly.png","image_link":"","title":"Air Hose Assemblies","text":"<p>Pair text with an image<\/p>","link_label":"Shop Now","link":"https:\/\/guardair.com\/pages\/air-hose-assemblies"}},"column_RHhyt9":{"type":"column","settings":{"image":"shopify:\/\/shop_images\/guardair-corporation-high-flow-plug.png","image_link":"","title":"Air Fittings & Couplers","text":"<p>Pair text with an image<\/p>","link_label":"Shop Now","link":"https:\/\/guardair.com\/pages\/air-fittings-chart"}},"column_HQEL7D":{"type":"column","settings":{"image":"shopify:\/\/shop_images\/nortech-pancake-filter-assembly.png","image_link":"","title":"Closeouts","text":"<p>Last chance replacement parts and accessories.<\/p>","link_label":"Shop Now","link":"https:\/\/guardair.com\/pages\/closeouts"}}},"block_order":["column_yBEnyM","column_RHhyt9","column_HQEL7D"],"disabled":true,"settings":{"title":"","heading_size":"h1","image_width":"full","image_ratio":"adapt","columns_desktop":3,"column_alignment":"left","background_style":"primary","button_label":"","button_link":"","color_scheme":"scheme-1","columns_mobile":"1","swipe_on_mobile":false,"padding_top":12,"padding_bottom":72,"anchor_id":""}}},"order":["main","multicolumn_xezMVG","multicolumn_Ni4Ua7","multicolumn_6TQVp7","multicolumn_fmRJHE"]}