{
  "sections": {
    "main": {
      "type": "main-page",
      "settings": {
        "padding_top": 28,
        "padding_bottom": 0
      }
    },
    "1387c372-4725-45a7-bd48-8cdfe131cde5": {
      "type": "distributors-tab",
      "blocks": {
        "897f7051-acbf-4e19-8817-985397813c03": {
          "type": "Buy-Local",
          "settings": {
            "content": "<p><a href=\"https:\/\/guardair-dev.myshopify.com\/apps\/store-locator\">Click here<\/a> to find your nearest distributor.<\/p>"
          }
        },
        "aeb16479-6909-47ba-9fdd-06b9d809e983": {
          "type": "Buy-Online",
          "settings": {
            "img": "shopify:\/\/shop_images\/W.W._Grainger_Logo-700x160.png",
            "img_url": "https:\/\/www.grainger.com"
          }
        },
        "91be3e20-481d-4be8-8ff4-f7f0b85dc3f0": {
          "type": "Buy-Online",
          "settings": {
            "img": "shopify:\/\/shop_images\/Fastenal-Logo-1.wine.png",
            "img_url": "https:\/\/www.fastenal.com"
          }
        },
        "e9d88429-1ee4-4a31-bedf-434e68b02e58": {
          "type": "Buy-Online",
          "settings": {
            "img": "shopify:\/\/shop_images\/download_2_a817cdb8-ec9a-4cbe-8c03-dd63fb3cf194.png",
            "img_url": "https:\/\/www.globalindustrial.com\/searchResult?searchBox=&q=guardair"
          }
        },
        "5e932ae2-1374-45c8-9920-0f02f4e5246d": {
          "type": "Buy-Online",
          "settings": {
            "img": "shopify:\/\/shop_images\/Group.png",
            "img_url": "https:\/\/www.mcmaster.com\/"
          }
        },
        "80bcb8e2-5c6c-469f-85a5-5c804fb7e571": {
          "type": "Buy-Online",
          "settings": {
            "img": "shopify:\/\/shop_images\/download_4_e8cb25a4-9660-480c-afe0-fa61b4a9806e.png",
            "img_url": "https:\/\/www.mscdirect.com\/browse\/tn\/?searchterm=guardair&hdrsrh=true"
          }
        },
        "buy_online_ay4hJW": {
          "type": "Buy-Online",
          "settings": {
            "img": "shopify:\/\/shop_images\/MRO_1080X608_7470ac5c-31af-4580-96bc-8d16a6144399.png",
            "img_url": "https:\/\/www.mrosupply.com\/"
          }
        },
        "991d5fe8-34f9-4343-9f4d-21e5d654f819": {
          "type": "Buy-Online",
          "settings": {
            "img": "shopify:\/\/shop_images\/download_1a9c679a-d4aa-44ae-b426-9aac7769b4ef.png",
            "img_url": "https:\/\/www.zoro.com\/b\/GUARDAIR\/"
          }
        },
        "bf5ce739-2045-4e39-981e-fbc1b695e7dd": {
          "type": "Buy-Online",
          "settings": {
            "img": "shopify:\/\/shop_images\/woodland-gardening-amazon-png-logo-vector-8.png",
            "img_url": "https:\/\/www.amazon.com\/stores\/GuardAir\/node\/6917296011"
          }
        },
        "eeaac4a9-1971-4661-b2a1-741ff1fe0b0f": {
          "type": "international",
          "settings": {
            "image": "shopify:\/\/shop_images\/i.shgcdn_23.png",
            "image_link": "https:\/\/www.dgisupply.ca\/",
            "heading": "<p><strong>DJI Supply <\/strong>Canada<\/p>",
            "text": "<p><a href=\"https:\/\/www.dgisupply.ca\/\" target=\"_blank\">dgisupply.ca<\/a><\/p>",
            "img_flag": "shopify:\/\/shop_images\/i.shgcdn_1_3.png"
          }
        },
        "92337b0b-6800-4ba7-b1d1-13db4d8356fc": {
          "type": "international",
          "settings": {
            "image": "shopify:\/\/shop_images\/logo_db60d269-812a-43d2-a78e-4043ab8e54c1.png",
            "image_link": "https:\/\/www.tenaquip.com\/",
            "heading": "<p><strong>Tenaquip<\/strong><\/p><p>Canada<\/p>",
            "text": "<p><a href=\"https:\/\/www.tenaquip.com\/\" target=\"_blank\"><strong>tenaquip.com<\/strong><\/a><\/p>",
            "img_flag": "shopify:\/\/shop_images\/6.jpg"
          }
        },
        "174b1cb5-842e-4936-aa78-27f22189683c": {
          "type": "international",
          "settings": {
            "image": "shopify:\/\/shop_images\/i.shgcdn_2_3.png",
            "image_link": "https:\/\/www.wfsltd.com\/en\/",
            "heading": "<p><strong>Windsor Factory Supply Ltd<\/strong><\/p><p>Canada<\/p>",
            "text": "<p><a href=\"https:\/\/www.wfsltd.com\/en\/\" target=\"_blank\">wfsltd.com<\/a><\/p>",
            "img_flag": "shopify:\/\/shop_images\/6.jpg"
          }
        },
        "6b98ce15-0d77-4092-838e-34671cc2862d": {
          "type": "international",
          "settings": {
            "image": "shopify:\/\/shop_images\/i.shgcdn_3_3.png",
            "image_link": "https:\/\/www.ibhs.co.uk\/",
            "heading": "<p><strong>Industrial Boilerhouse Supplies LTD<\/strong><\/p><p>United Kingdom<\/p>",
            "text": "<p><a href=\"https:\/\/www.ibhs.co.uk\/\">ibhs.co.uk<\/a><\/p>",
            "img_flag": "shopify:\/\/shop_images\/i.shgcdn_16_1.png"
          }
        },
        "e4d71879-a2ef-49f4-96a9-8414b9398b4a": {
          "type": "international",
          "settings": {
            "image": "shopify:\/\/shop_images\/i.shgcdn_4_3.png",
            "image_link": "https:\/\/www.travers.com\/",
            "heading": "<p><strong>Travers<\/strong><\/p><p>Mexico<\/p>",
            "text": "<p><a href=\"http:\/\/www.travers.com\/\">travers.com<\/a><\/p>",
            "img_flag": "shopify:\/\/shop_images\/i.shgcdn_15_1.png"
          }
        },
        "ab7b69dc-0afd-459f-8e5e-3471d8179340": {
          "type": "international",
          "settings": {
            "image": "shopify:\/\/shop_images\/i.shgcdn_5_3.png",
            "image_link": "https:\/\/www.sinsef.cl\/",
            "heading": "<p><strong>Comercial Sinef<\/strong><\/p><p>Chile<\/p>",
            "text": "<p><a href=\"http:\/\/www.sinsef.cl\/\" target=\"_blank\">sinsef.cl<\/a><\/p>",
            "img_flag": "shopify:\/\/shop_images\/Flag_of_Chile.png"
          }
        },
        "93a1fa28-3313-4cc3-87af-a628202eb3e4": {
          "type": "international",
          "settings": {
            "image": "shopify:\/\/shop_images\/i.shgcdn_6_3.png",
            "image_link": "https:\/\/www.airquippipetool.com.au\/",
            "heading": "<p><strong>Airquip and Pipetool Pty Ltd<\/strong><\/p><p>Australia<\/p>",
            "text": "<p><a href=\"https:\/\/www.airquippipetool.com.au\/\" target=\"_blank\">airquippipetool.com.au<\/a><\/p>",
            "img_flag": "shopify:\/\/shop_images\/i.shgcdn_11_2.png"
          }
        },
        "04b3727c-0720-42d1-825a-40ed47e30307": {
          "type": "international",
          "settings": {
            "image": "shopify:\/\/shop_images\/i.shgcdn_9_2.png",
            "image_link": "https:\/\/knightpneumatics.com.au\/",
            "heading": "<p><strong>Knight Pneumatics<\/strong><\/p><p>Australia<\/p>",
            "text": "<p><a href=\"http:\/\/www.knightpneumatics.com.au\/\" target=\"_blank\">knightpneumatics.com.au<\/a><\/p>",
            "img_flag": "shopify:\/\/shop_images\/i.shgcdn_11_2.png"
          }
        },
        "2d89c730-a540-4373-a8df-66c3aa82d371": {
          "type": "international",
          "settings": {
            "image": "shopify:\/\/shop_images\/i.shgcdn_8_3.png",
            "image_link": "https:\/\/pneutech.com.au\/",
            "heading": "<p><strong>Pneutech<\/strong><\/p><p>Australia<\/p>",
            "text": "<p><a href=\"https:\/\/pneutech.com.au\/\" target=\"_blank\">pneutech.com.au<\/a><\/p>",
            "img_flag": "shopify:\/\/shop_images\/i.shgcdn_11_2.png"
          }
        },
        "d1c77fa1-6d4f-4c21-aa65-31f3cce3f450": {
          "type": "international",
          "settings": {
            "image": "shopify:\/\/shop_images\/i.shgcdn_10_2.png",
            "image_link": "",
            "heading": "<p><strong>Saurya<\/strong><\/p><p>India<\/p>",
            "text": "<p><a href=\"https:\/\/sauryahse.com\/about-us\/\" target=\"_blank\">sauryahse.com<\/a><\/p>",
            "img_flag": "shopify:\/\/shop_images\/Flag_of_India.png"
          }
        },
        "international_rE7c7H": {
          "type": "international",
          "settings": {
            "image": "shopify:\/\/shop_images\/Sealmech_Trading.png",
            "image_link": "https:\/\/sealmech.com",
            "heading": "<p><strong>Sealmech Trading L.L.C.<\/strong><\/p><p>United Arab Emirates<\/p>",
            "text": "<p><a href=\"https:\/\/sealmech.com\/\" target=\"_blank\" title=\"https:\/\/sealmech.com\/\">sealmech.com<\/a><\/p>",
            "img_flag": "shopify:\/\/shop_images\/Flag_UnitedArabEmirates.png"
          }
        }
      },
      "block_order": [
        "897f7051-acbf-4e19-8817-985397813c03",
        "aeb16479-6909-47ba-9fdd-06b9d809e983",
        "91be3e20-481d-4be8-8ff4-f7f0b85dc3f0",
        "e9d88429-1ee4-4a31-bedf-434e68b02e58",
        "5e932ae2-1374-45c8-9920-0f02f4e5246d",
        "80bcb8e2-5c6c-469f-85a5-5c804fb7e571",
        "buy_online_ay4hJW",
        "991d5fe8-34f9-4343-9f4d-21e5d654f819",
        "bf5ce739-2045-4e39-981e-fbc1b695e7dd",
        "eeaac4a9-1971-4661-b2a1-741ff1fe0b0f",
        "92337b0b-6800-4ba7-b1d1-13db4d8356fc",
        "174b1cb5-842e-4936-aa78-27f22189683c",
        "6b98ce15-0d77-4092-838e-34671cc2862d",
        "e4d71879-a2ef-49f4-96a9-8414b9398b4a",
        "ab7b69dc-0afd-459f-8e5e-3471d8179340",
        "93a1fa28-3313-4cc3-87af-a628202eb3e4",
        "04b3727c-0720-42d1-825a-40ed47e30307",
        "2d89c730-a540-4373-a8df-66c3aa82d371",
        "d1c77fa1-6d4f-4c21-aa65-31f3cce3f450",
        "international_rE7c7H"
      ],
      "settings": {}
    }
  },
  "order": [
    "main",
    "1387c372-4725-45a7-bd48-8cdfe131cde5"
  ]
}
