{
  "sections": {
    "main": {
      "type": "main-page",
      "settings": {
        "padding_top": 28,
        "padding_bottom": 0
      }
    },
    "collection_list_gwbgie": {
      "type": "collection-list",
      "blocks": {
        "featured_collection_YWrpXU": {
          "type": "featured_collection",
          "settings": {
            "collection": "legacy-vacuums"
          }
        },
        "featured_collection_FqWgDc": {
          "type": "featured_collection",
          "settings": {
            "collection": "nortech-4-gallon-vacuum-replacement-parts"
          }
        },
        "featured_collection_KHicaC": {
          "type": "featured_collection",
          "settings": {
            "collection": "nortech-8-gallon-vacuum-replacement-parts"
          }
        },
        "featured_collection_xnVgzx": {
          "type": "featured_collection",
          "settings": {
            "collection": "nortech-15-gallon-vacuum-replacement-parts"
          }
        }
      },
      "block_order": [
        "featured_collection_YWrpXU",
        "featured_collection_FqWgDc",
        "featured_collection_KHicaC",
        "featured_collection_xnVgzx"
      ],
      "custom_css": [
        ".card__content {padding-bottom: 20px;}"
      ],
      "settings": {
        "title": "Vacuums & Replacement Parts",
        "heading_size": "h2",
        "image_ratio": "square",
        "columns_desktop": 3,
        "color_scheme": "scheme-1",
        "show_view_all": false,
        "columns_mobile": "1",
        "swipe_on_mobile": false,
        "padding_top": 36,
        "padding_bottom": 100
      }
    }
  },
  "order": [
    "main",
    "collection_list_gwbgie"
  ]
}
