{"sections":{"main":{"type":"main-page","settings":{"padding_top":28,"padding_bottom":0}},"b8c30c3b-f475-4be9-befb-f8e70484e2ea":{"type":"custom-image-with-text","settings":{"img_picker":"shopify:\/\/shop_images\/i.shgcdn_1087043e-03d2-4869-b625-a673eb5422db.webp","image_alignment":"right","content":"<p>The safe use of pneumatic tools in the workplace, including safety air guns, are governed under several OSHA Regulations. Standards for General Industry are listed below and apply across all classes of end-users. Standards for Shipyards, Marine Terminals and Construction are also shown below and apply to these sub-classes.<\/p><p>For a given end-user class, click to <strong>View<\/strong>, or <strong>Download<\/strong>, highlighted versions of the applicable OSHA Standard.<\/p><p>Click <strong>Link<\/strong> to view the applicable OSHA Standard directly on the OSHA website.<\/p>","padding_top":0,"padding_bottom":22}},"1b15c6d8-27aa-4102-a1cf-5b91ede15184":{"type":"General-Industry-section","blocks":{"dd4ff8d3-ed4a-4bcf-9da2-bb528ba3b4ac":{"type":"Image-Text-Button","settings":{"main_head":"For General Industry","image":"shopify:\/\/shop_images\/i.shgcdn_923988c4-4640-4321-a042-1161c8932417.webp","text_link":"Occupational Health and Environmental Control","text_url":"shopify:\/\/pages\/air-gun-literature","text_btm":"<p><em>Occupational Noise Exposure<\/em><\/p><p>OSHA STANDARD 1910.95<\/p>","view_text":"View Link","view_url":"https:\/\/www.osha.gov\/laws-regs\/regulations\/standardnumber\/1910\/1910.95","pdf_text":"Download PDF","pdf_url":"https:\/\/cdn.shopify.com\/s\/files\/1\/2656\/7586\/files\/Occupational-Noise-Exposure-OSHA_STANDARD-1910.95.pdf?1337663914630376197"}},"3cb9786a-44ba-461f-859a-1fdfd625779c":{"type":"Image-Text-Button","settings":{"main_head":"","image":"shopify:\/\/shop_images\/i.shgcdn_dbb301f1-1dd8-4df6-a2f3-948f14bee5ad.webp","text_link":"Hand and Portable Powered Tools and Equipment, General","text_url":"shopify:\/\/pages\/air-gun-literature","text_btm":"<p><em>Compressed Air Used for Cleaning<\/em><\/p><p>OSHA STANDARD 1910.242(b)<\/p>","view_text":"View Link","view_url":"https:\/\/www.osha.gov\/laws-regs\/regulations\/standardnumber\/1910\/1910.242","pdf_text":"Download PDF","pdf_url":"https:\/\/cdn.shopify.com\/s\/files\/1\/2656\/7586\/files\/Compressed-Air-Used-for-Cleaning-OSHA-STANDARD-1910.242_b.pdf?1337663914630376197"}},"82d5c5fd-ad56-40f2-8b7c-6aa80fc33c76":{"type":"Image-Text-Button","settings":{"main_head":"","image":"shopify:\/\/shop_images\/i.shgcdn_6085e9c3-0f64-4b8e-af32-ea0c85691dc0.webp","text_link":"Instruction for OSHA Standard 1910.242(b)","text_url":"shopify:\/\/pages\/air-gun-literature","text_btm":"<p><em>Reduction of Air Pressure below 30 psi for Cleaning Purposes<\/em><\/p><p>STD 01-13-001<\/p>","view_text":"View Link","view_url":"https:\/\/www.osha.gov\/enforcement\/directives\/std-01-13-001","pdf_text":"Download PDF","pdf_url":"https:\/\/cdn.shopify.com\/s\/files\/1\/2656\/7586\/files\/Reduction-of-Air-Pressure-below-30-psi-for-Cleaning-Purposes-STD-01-13-001.pdf?1337663914630376197"}},"6e91799e-e1bb-4208-8eeb-048dd4eee1d8":{"type":"Image-Text-Button","settings":{"main_head":"For Shipyards","image":"shopify:\/\/shop_images\/i.shgcdn_50229859-6059-464e-ae7e-405370d850aa.webp","text_link":"Tools and Related Equipment","text_url":"shopify:\/\/pages\/air-gun-literature","text_btm":"<p><em>General Precautions<\/em><\/p><p>OSHA STANDARD 1915.131<\/p>","view_text":"View Link","view_url":"https:\/\/www.osha.gov\/laws-regs\/regulations\/standardnumber\/1915\/1915.131","pdf_text":"Download PDF","pdf_url":"https:\/\/cdn.shopify.com\/s\/files\/1\/2656\/7586\/files\/General-Precautions-for-Shipyards-OSHA-STANDARD-1915.131.pdf?1337663914630376197"}},"daa79d14-0525-4758-9874-177d0506d627":{"type":"Image-Text-Button","settings":{"main_head":"For Marine Terminals","image":"shopify:\/\/shop_images\/i.shgcdn_deab44c3-cce8-4703-a1db-64cc3fea84ae.webp","text_link":"Related Terminal Operations and Equipment","text_url":"shopify:\/\/pages\/air-gun-literature","text_btm":"<p><em>Compressed Air<\/em><\/p><p>OSHA STANDARD 1917.154<\/p>","view_text":"View Link","view_url":"https:\/\/www.osha.gov\/laws-regs\/regulations\/standardnumber\/1917\/1917.154","pdf_text":"Download PDF","pdf_url":"https:\/\/cdn.shopify.com\/s\/files\/1\/2656\/7586\/files\/Related-Terminal-Operations-and-Equipment-Compressed-Air-OSHA-STANDARD-1917.154.pdf?1337663914630376197"}},"a600d5a9-9f74-4102-9477-9f893eca05eb":{"type":"Image-Text-Button","settings":{"main_head":"For Construction","image":"shopify:\/\/shop_images\/i.shgcdn_fdac041b-5fc2-4ed1-b57d-674fc5d8083a.webp","text_link":"Power Operated Hand Tools","text_url":"shopify:\/\/pages\/air-gun-literature","text_btm":"<p><em>Pneumatic Power Tools<\/em><\/p><p>OSHA STANDARD 1926.302<\/p>","view_text":"View Link","view_url":"https:\/\/www.osha.gov\/laws-regs\/regulations\/standardnumber\/1926\/1926.302","pdf_text":"Download PDF","pdf_url":"https:\/\/cdn.shopify.com\/s\/files\/1\/2656\/7586\/files\/Power-Operated-Hand-Tools-Pneumatic-Power-Tools-OSHA-STANDARD-1926.302.pdf?1337663914630376197"}}},"block_order":["dd4ff8d3-ed4a-4bcf-9da2-bb528ba3b4ac","3cb9786a-44ba-461f-859a-1fdfd625779c","82d5c5fd-ad56-40f2-8b7c-6aa80fc33c76","6e91799e-e1bb-4208-8eeb-048dd4eee1d8","daa79d14-0525-4758-9874-177d0506d627","a600d5a9-9f74-4102-9477-9f893eca05eb"],"custom_css":[".industry_buttons a {font-family: Eurostile-Reg, sans-serif;}"],"settings":{"padding_top":0,"padding_bottom":100}}},"order":["main","b8c30c3b-f475-4be9-befb-f8e70484e2ea","1b15c6d8-27aa-4102-a1cf-5b91ede15184"]}