{
  "sections": {
    "main": {
      "type": "main-page",
      "settings": {
        "padding_top": 28,
        "padding_bottom": 0
      }
    },
    "rich_text_Kc4nMk": {
      "type": "rich-text",
      "blocks": {
        "heading_XwdxkB": {
          "type": "heading",
          "settings": {
            "heading": "Safety Air Gun Accessories",
            "heading_size": "h1"
          }
        }
      },
      "block_order": [
        "heading_XwdxkB"
      ],
      "custom_css": [
        "h2 {font-size: 28px;}"
      ],
      "settings": {
        "desktop_content_position": "left",
        "content_alignment": "left",
        "color_scheme": "",
        "full_width": true,
        "bdr_btm": false,
        "padding_top": 40,
        "padding_bottom": 12,
        "anchor_id": ""
      }
    },
    "multicolumn_y3RJDU": {
      "type": "multicolumn",
      "blocks": {
        "column_zT4wVd": {
          "type": "column",
          "settings": {
            "image": "shopify:\/\/shop_images\/guardair-gun-parts-pigtail-hose.png",
            "image_link": "https:\/\/guardair.com\/products\/hydroforce-hyd-air-water-pigtail-hose-assembly-5",
            "title": "<a href=\"\/products\/pigtail-hose-assembly-for-hydroforce\" title=\"Pigtail Hose Assembly for HydroForce\">Pigtail Hose Assembly for HydroForce<\/a>",
            "text": "",
            "link_label": "",
            "link": ""
          }
        },
        "column_MNGbjG": {
          "type": "column",
          "settings": {
            "image": "shopify:\/\/shop_images\/guardair-gun-parts-slip-on-grip.png",
            "image_link": "https:\/\/guardair.com\/products\/classic-slip-on-air-gun-grip-blue",
            "title": "<a href=\"\/products\/classic-slip-on-air-gun-grip-blue\" title=\"Classic+ Slip-On Air Gun Grip - Blue\">Slip-On Grip<\/a>",
            "text": "",
            "link_label": "",
            "link": ""
          }
        },
        "column_WRWw3J": {
          "type": "column",
          "settings": {
            "image": "shopify:\/\/shop_images\/guardair-shop-accessories-sidekick.png",
            "image_link": "https:\/\/guardair.com\/products\/sidekick-auxiliary-air-gun-support-handle",
            "title": "<a href=\"\/products\/sidekick-auxiliary-support-handle\" title=\"Sidekick\">Sidekick<\/a>",
            "text": "",
            "link_label": "",
            "link": ""
          }
        },
        "column_6k8TxL": {
          "type": "column",
          "settings": {
            "image": "shopify:\/\/shop_images\/guardair-gun-parts-quiet-test-silencer-nozzle.png",
            "image_link": "https:\/\/guardair.com\/products\/quiet-test-silencer-nozzle",
            "title": "<a href=\"\/products\/quiet-test-silencer-nozzle\" title=\"Quiet-Test Silencer Nozzle\">Quiet-Test Silencer Nozzle<\/a>",
            "text": "",
            "link_label": "",
            "link": ""
          }
        },
        "column_jHCLrw": {
          "type": "column",
          "settings": {
            "image": "shopify:\/\/shop_images\/guardair-shop-accessories-on-guard-chip-shield.png",
            "image_link": "https:\/\/guardair.com\/products\/on-guard-chip-shield-palmjet-ga44-models",
            "title": "<a href=\"\/products\/on-guard-chip-shield-palmjet-ga44-models\" title=\"On-Guard® Chip Shield - PalmJet® GA44 Models\">On-Guard Chip Shield<\/a>",
            "text": "",
            "link_label": "",
            "link": ""
          }
        },
        "column_Vm4KHh": {
          "type": "column",
          "settings": {
            "image": "shopify:\/\/shop_images\/guardair-shop-accessories-magloop.png",
            "image_link": "https:\/\/guardair.com\/products\/magloop-magnetic-air-gun-hanging-loop",
            "title": "<a href=\"\/products\/magloop-magnetic-air-gun-hanging-loop\" title=\"MagLoop Magnetic Air Gun Hanging Loop\">Magnetic Hanging Loop<\/a>",
            "text": "",
            "link_label": "",
            "link": ""
          }
        },
        "column_4yPqYY": {
          "type": "column",
          "settings": {
            "image": "shopify:\/\/shop_images\/guardair-shop-accessories-maghook.png",
            "image_link": "https:\/\/guardair.com\/products\/maghook-magnetic-air-gun-hanging-hook",
            "title": "<a href=\"\/products\/maghook-magnetic-air-gun-hanging-hook\" title=\"MagHook Magnetic Air Gun Hanging Hook\">Magnetic Hanging Hook<\/a>",
            "text": "",
            "link_label": "",
            "link": ""
          }
        },
        "column_pAX9XL": {
          "type": "column",
          "settings": {
            "image": "shopify:\/\/shop_images\/guardair-shop-accessories-gunslinger.png",
            "image_link": "https:\/\/guardair.com\/products\/gunslinger-magnetic-air-gun-holder",
            "title": "<a href=\"\/products\/gunslinger-magnetic-air-gun-holder\" title=\"Gunslinger® Magnetic Air Gun Holder\">Gunslinger<\/a>",
            "text": "",
            "link_label": "",
            "link": ""
          }
        },
        "column_nBjwmF": {
          "type": "column",
          "settings": {
            "image": "shopify:\/\/shop_images\/guardair-gun-parts-shoulder-strap.png",
            "image_link": "https:\/\/guardair.com\/products\/hydroforce-hyd-nylon-shoulder-strap",
            "title": "<a href=\"\/products\/shoulder-strap-for-hydroforce\" title=\"Shoulder Strap for HydroForce\">Shoulder Strap for HydroForce<\/a>",
            "text": "",
            "link_label": "",
            "link": ""
          }
        }
      },
      "block_order": [
        "column_zT4wVd",
        "column_MNGbjG",
        "column_WRWw3J",
        "column_6k8TxL",
        "column_jHCLrw",
        "column_Vm4KHh",
        "column_4yPqYY",
        "column_pAX9XL",
        "column_nBjwmF"
      ],
      "custom_css": [
        ".multicolumn-card__info {background-color: #ffffff; padding-left: 0px; padding-right: 0px;}",
        "h2 {font-size: 28px;}",
        "h3 {font-size: 18px; text-align: center; color: #002395;}",
        "a {text-decoration: none;}"
      ],
      "settings": {
        "title": "",
        "heading_size": "h1",
        "image_width": "full",
        "image_ratio": "adapt",
        "columns_desktop": 4,
        "column_alignment": "left",
        "background_style": "none",
        "button_label": "",
        "button_link": "",
        "color_scheme": "scheme-1",
        "columns_mobile": "2",
        "swipe_on_mobile": true,
        "padding_top": 0,
        "padding_bottom": 0,
        "anchor_id": ""
      }
    },
    "rich_text_4LhbKH": {
      "type": "rich-text",
      "blocks": {
        "text_RQLMeF": {
          "type": "text",
          "settings": {
            "text": ""
          }
        }
      },
      "block_order": [
        "text_RQLMeF"
      ],
      "settings": {
        "desktop_content_position": "left",
        "content_alignment": "left",
        "color_scheme": "",
        "full_width": true,
        "bdr_btm": true,
        "padding_top": 0,
        "padding_bottom": 12,
        "anchor_id": ""
      }
    },
    "rich_text_YXK7Fj": {
      "type": "rich-text",
      "blocks": {
        "heading_iYFnzH": {
          "type": "heading",
          "settings": {
            "heading": "Safety Air Gun Nozzles",
            "heading_size": "h1"
          }
        }
      },
      "block_order": [
        "heading_iYFnzH"
      ],
      "custom_css": [
        "h2 {font-size: 28px;}"
      ],
      "settings": {
        "desktop_content_position": "left",
        "content_alignment": "left",
        "color_scheme": "",
        "full_width": true,
        "bdr_btm": false,
        "padding_top": 40,
        "padding_bottom": 12,
        "anchor_id": ""
      }
    },
    "multicolumn_xezMVG": {
      "type": "multicolumn",
      "blocks": {
        "column_7dazHw": {
          "type": "column",
          "settings": {
            "image": "shopify:\/\/shop_images\/guardair-gun-parts-75lj-nozzle.png",
            "image_link": "https:\/\/guardair.com\/products\/long-john-75lj-alloy-nozzle",
            "title": "<a href=\"\/products\/long-john-75lj-alloy-nozzle\" title=\"Long John® 75LJ Alloy Nozzle\">75LJ Nozzle<\/a>",
            "text": "",
            "link_label": "",
            "link": ""
          }
        },
        "column_C7thbA": {
          "type": "column",
          "settings": {
            "image": "shopify:\/\/shop_images\/guardair-gun-parts-75xt-nozzle.png",
            "image_link": "https:\/\/guardair.com\/products\/xtrathrust-75xt-aluminum-nozzle",
            "title": "<a href=\"\/products\/xtrathrust-75xt-aluminum-nozzle\" title=\"XtraThrust® 75XT Aluminum Nozzle\">75XT Nozzle<\/a>",
            "text": "",
            "link_label": "",
            "link": ""
          }
        },
        "column_G4UAWG": {
          "type": "column",
          "settings": {
            "image": "shopify:\/\/shop_images\/guardair-gun-parts-force-5-inforcer-nozzle.png",
            "image_link": "https:\/\/guardair.com\/products\/force-5-f5-inforcer-inf5-aluminum-nozzle",
            "title": "<a href=\"\/products\/force-5-f5-inforcer-inf5-aluminum-nozzle\" title=\"Force 5® F5 \/ Inforcer® INF5 Aluminum Nozzle\">Force 5 \/ Inforcer Nozzle<\/a>",
            "text": "",
            "link_label": "",
            "link": ""
          }
        },
        "column_cCawkH": {
          "type": "column",
          "settings": {
            "image": "shopify:\/\/shop_images\/guardair-gun-parts-79sg-nozzle.png",
            "image_link": "https:\/\/guardair.com\/products\/syphon-spray-gun-79sg-oil-spray-gun-83sg-brass-nozzle",
            "title": "<a href=\"\/products\/79sg-nozzle\" title=\"79SG Nozzle\">79SG Nozzle<\/a>",
            "text": "",
            "link_label": "",
            "link": ""
          }
        },
        "column_iF4tK4": {
          "type": "column",
          "settings": {
            "image": "shopify:\/\/shop_images\/guardair-gun-parts-80lj-whisperjet-nozzle.png",
            "image_link": "https:\/\/guardair.com\/products\/whisperjet-80lj-aluminum-nozzle",
            "title": "<a href=\"\/products\/whisperjet-80lj-aluminum-nozzle\" title=\"WhisperJet® 80LJ Aluminum Nozzle\">80LJ WhisperJet Nozzle<\/a>",
            "text": "",
            "link_label": "",
            "link": ""
          }
        },
        "column_VpyJwr": {
          "type": "column",
          "settings": {
            "image": "shopify:\/\/shop_images\/guardair-gun-parts-quietforce-nozzle.png",
            "image_link": "https:\/\/guardair.com\/products\/quietforce-74g-u74-nozzle-adjustable-air-79-dba",
            "title": "<a href=\"\/products\/quietforce-74g-u74-nozzle-adjustable-air-79-dba\" title=\"QuietForce® 74G\/U74 Nozzle - Adjustable Air (79 dBA)\">QuietForce Nozzle<\/a>",
            "text": "",
            "link_label": "",
            "link": ""
          }
        },
        "column_xHfP3n": {
          "type": "column",
          "settings": {
            "image": "shopify:\/\/shop_images\/guardair-gun-parts-80-whisperjet-nozzle.png",
            "image_link": "https:\/\/guardair.com\/products\/whisperjet-80-aluminum-nozzle",
            "title": "<a href=\"\/products\/whisperjet-80-aluminum-nozzle\" title=\"WhisperJet® 80 Aluminum Nozzle\">80 WhisperJet Nozzle<\/a>",
            "text": "",
            "link_label": "",
            "link": ""
          }
        },
        "column_9iMXeA": {
          "type": "column",
          "settings": {
            "image": "shopify:\/\/shop_images\/guardair-gun-parts-lazer-brass-nozzle.png",
            "image_link": "https:\/\/guardair.com\/products\/lazer-600-650-brass-venturi-nozzle",
            "title": "<a href=\"\/products\/lazer-600-650-brass-venturi-nozzle\" title=\"Lazer® 600\/650 Brass Venturi Nozzle\">Lazer Brass Nozzle<\/a>",
            "text": "",
            "link_label": "",
            "link": ""
          }
        },
        "column_biUe4F": {
          "type": "column",
          "settings": {
            "image": "shopify:\/\/shop_images\/guardair-gun-parts-thumbswitch-nozzle.png",
            "image_link": "https:\/\/guardair.com\/products\/thumbswitch-900-aluminum-nozzle",
            "title": "<a href=\"\/products\/thumbswitch-900-aluminum-nozzle\" title=\"ThumbSwitch 900 Aluminum Nozzle\">ThumbSwitch Nozzle<\/a>",
            "text": "",
            "link_label": "",
            "link": ""
          }
        },
        "column_MWANrN": {
          "type": "column",
          "settings": {
            "image": "shopify:\/\/shop_images\/guardair-gun-parts-74-rubber-tip-nozzle.png",
            "image_link": "https:\/\/guardair.com\/products\/74-rubber-tip-nozzle",
            "title": "<a href=\"\/products\/74-rubber-tip-nozzle\" title=\"Rubber Tip 74RT Nozzle\">74 Rubber Tip Nozzle<\/a>",
            "text": "",
            "link_label": "",
            "link": ""
          }
        },
        "column_tDQF7a": {
          "type": "column",
          "settings": {
            "image": "shopify:\/\/shop_images\/guardair-gun-parts-76-brass-nozzle-tip.png",
            "image_link": "https:\/\/guardair.com\/products\/booster-76s-brass-nozzle-tip",
            "title": "<a href=\"\/products\/76-brass-nozzle-tip\" title=\"76 Brass Nozzle Tip\">76 Brass Nozzle Tip<\/a>",
            "text": "",
            "link_label": "",
            "link": ""
          }
        },
        "column_ABkzBK": {
          "type": "column",
          "settings": {
            "image": "shopify:\/\/shop_images\/guardair-gun-parts-80-flex-nozzle.png",
            "image_link": "https:\/\/guardair.com\/products\/flex-80-thumbswitch-980-whisperjet-nozzle",
            "title": "<a href=\"\/products\/flex-safety-air-gun-nozzle\" title=\"Flex Safety Air Gun Nozzle\">80 Flex Nozzle<\/a>",
            "text": "",
            "link_label": "",
            "link": ""
          }
        },
        "column_ARbQA4": {
          "type": "column",
          "settings": {
            "image": "shopify:\/\/shop_images\/guardair-gun-parts-74h-brass-nozzle.png",
            "image_link": "https:\/\/guardair.com\/products\/airmiser-74h-brass-nozzle",
            "title": "<a href=\"\/products\/74h-brass-nozzle\" title=\"74H Brass Nozzle\">74H Brass Nozzle<\/a>",
            "text": "",
            "link_label": "",
            "link": ""
          }
        },
        "column_bGAyVE": {
          "type": "column",
          "settings": {
            "image": "shopify:\/\/shop_images\/guardair-gun-parts-hydroforce-safety-tip-nozzle.png",
            "image_link": "https:\/\/guardair.com\/products\/hydroforce-hyd-aluminum-safety-tip-nozzle",
            "title": "<a href=\"\/products\/hydroforce-safety-tip-nozzle\" title=\"HydroForce Safety Tip Nozzle\">HydroForce Safety Tip Nozzle<\/a>",
            "text": "",
            "link_label": "",
            "link": ""
          }
        },
        "column_BWxAMy": {
          "type": "column",
          "settings": {
            "image": "shopify:\/\/shop_images\/guardair-gun-parts-inforcer-steel-nozzle.png",
            "image_link": "https:\/\/guardair.com\/products\/force-5-f5-inforcer-inf5-steel-chisel-point-nozzle",
            "title": "<a href=\"\/products\/force-5-f5-inforcer-inf5-steel-chisel-point-nozzle\" title=\"Force 5® F5 \/ Inforcer® INF5 Steel Chisel Point Nozzle\">Inforcer Steel Nozzle<\/a>",
            "text": "",
            "link_label": "",
            "link": ""
          }
        }
      },
      "block_order": [
        "column_7dazHw",
        "column_C7thbA",
        "column_G4UAWG",
        "column_cCawkH",
        "column_iF4tK4",
        "column_VpyJwr",
        "column_xHfP3n",
        "column_9iMXeA",
        "column_biUe4F",
        "column_MWANrN",
        "column_tDQF7a",
        "column_ABkzBK",
        "column_ARbQA4",
        "column_bGAyVE",
        "column_BWxAMy"
      ],
      "custom_css": [
        ".multicolumn-card__info {background-color: #ffffff; padding-left: 0px; padding-right: 0px;}",
        "h2 {font-size: 28px;}",
        "h3 {font-size: 18px; text-align: center; color: #002395;}",
        "a {text-decoration: none;}"
      ],
      "settings": {
        "title": "",
        "heading_size": "h1",
        "image_width": "full",
        "image_ratio": "adapt",
        "columns_desktop": 5,
        "column_alignment": "left",
        "background_style": "none",
        "button_label": "",
        "button_link": "",
        "color_scheme": "scheme-1",
        "columns_mobile": "2",
        "swipe_on_mobile": true,
        "padding_top": 0,
        "padding_bottom": 0,
        "anchor_id": ""
      }
    },
    "rich_text_67Er7i": {
      "type": "rich-text",
      "blocks": {
        "text_cd4iKN": {
          "type": "text",
          "settings": {
            "text": ""
          }
        }
      },
      "block_order": [
        "text_cd4iKN"
      ],
      "settings": {
        "desktop_content_position": "left",
        "content_alignment": "left",
        "color_scheme": "",
        "full_width": true,
        "bdr_btm": true,
        "padding_top": 0,
        "padding_bottom": 12,
        "anchor_id": ""
      }
    },
    "rich_text_TzcPFa": {
      "type": "rich-text",
      "blocks": {
        "heading_cTGFmz": {
          "type": "heading",
          "settings": {
            "heading": "Safety Air Gun Extensions",
            "heading_size": "h1"
          }
        }
      },
      "block_order": [
        "heading_cTGFmz"
      ],
      "custom_css": [
        "h2 {font-size: 28px;}"
      ],
      "settings": {
        "desktop_content_position": "left",
        "content_alignment": "left",
        "color_scheme": "",
        "full_width": true,
        "bdr_btm": false,
        "padding_top": 40,
        "padding_bottom": 12,
        "anchor_id": ""
      }
    },
    "multicolumn_YhbJKw": {
      "type": "multicolumn",
      "blocks": {
        "column_aEXTYr": {
          "type": "column",
          "settings": {
            "image": "shopify:\/\/shop_images\/guardair-gun-parts-75-series-extension.png",
            "image_link": "https:\/\/guardair.com\/products\/long-john-75lj-xtrathrust-75xt-aluminum-extension-6",
            "title": "<a href=\"\/products\/long-john-75lj-xtrathrust-75xt-aluminum-extension-6\" title=\"Long John® 75LJ \/ XtraThrust® 75XT Aluminum Extension - 6&quot;\">75 Series Extension<\/a>",
            "text": "",
            "link_label": "",
            "link": ""
          }
        },
        "column_HXjWE3": {
          "type": "column",
          "settings": {
            "image": "shopify:\/\/shop_images\/guardair-gun-parts-75lj-extension-nozzle.png",
            "image_link": "https:\/\/guardair.com\/products\/long-john-75lj-aluminum-extension-w-aluminum-nozzle-6",
            "title": "<a href=\"\/products\/long-john-75lj-aluminum-extension-w-aluminum-nozzle-6\" title=\"Long John® 75LJ Aluminum Extension w\/ Aluminum Nozzle - 6&quot;\">75LJ Extension & Venturi Nozzle<\/a>",
            "text": "",
            "link_label": "",
            "link": ""
          }
        },
        "column_fLCdHn": {
          "type": "column",
          "settings": {
            "image": "shopify:\/\/shop_images\/guardair-gun-parts-75lj-mid-extension-coupler.png",
            "image_link": "https:\/\/guardair.com\/products\/long-john-75lj-xtrathrust-75xt-aluminum-mid-extension-w-coupler-48",
            "title": "<a href=\"\/products\/long-john-75lj-xtrathrust-75xt-aluminum-mid-extension-w-coupler-48\" title=\"Long John® 75LJ \/ XtraThrust® 75XT Aluminum Mid Extension w\/ Coupler - 48&quot;\">Mid Extension With Coupler<\/a>",
            "text": "",
            "link_label": "",
            "link": ""
          }
        },
        "column_VeU8Hz": {
          "type": "column",
          "settings": {
            "image": "shopify:\/\/shop_images\/guardair-gun-parts-75xt-extension-xtrathrust-nozzle.png",
            "image_link": "https:\/\/guardair.com\/products\/xtrathrust-75xt-aluminum-extension-w-alloy-nozzle-6",
            "title": "<a href=\"\/products\/xtrathrust-75xt-aluminum-extension-w-alloy-nozzle-6\" title=\"XtraThrust® 75XT Aluminum Extension w\/ Alloy Nozzle - 6&quot;\">75XT Extension w\/ XtraThrust Nozzle<\/a>",
            "text": "",
            "link_label": "",
            "link": ""
          }
        },
        "column_CaXi7p": {
          "type": "column",
          "settings": {
            "image": "shopify:\/\/shop_images\/guardair-gun-parts-palmjet-extension.png",
            "image_link": "https:\/\/guardair.com\/products\/palmjet-ga44-steel-extension-w-star-tip-nozzle-4-straight",
            "title": "<a href=\"\/products\/palmjet-ga44-steel-extension-w-star-tip-nozzle-4-straight\" title=\"PalmJet® GA44 Steel Extension w\/ Star-Tip Nozzle - 4&quot; Straight\">PalmJet Extension<\/a>",
            "text": "",
            "link_label": "",
            "link": ""
          }
        },
        "column_THkdQz": {
          "type": "column",
          "settings": {
            "image": "shopify:\/\/shop_images\/guardair-gun-parts-force-5-inforcer-venturi-nozzle-extension.png",
            "image_link": "https:\/\/guardair.com\/products\/force-5-f5-inforcer-inf5-aluminum-extension-w-aluminum-nozzle-24",
            "title": "<a href=\"\/products\/force-5-f5-inforcer-inf5-aluminum-extension-w-aluminum-nozzle-24\" title=\"Force 5® F5 \/ Inforcer® INF5 Aluminum Extension w\/ Aluminum Nozzle - 24&quot;\">Force 5 \/ Inforcer Venturi Nozzle & Extension<\/a>",
            "text": "",
            "link_label": "",
            "link": ""
          }
        },
        "column_FJLxcq": {
          "type": "column",
          "settings": {
            "image": "shopify:\/\/shop_images\/guardair-gun-parts-lazer-extension-nozzle.png",
            "image_link": "https:\/\/guardair.com\/products\/lazer-600-650-aluminum-extension-w-aluminum-nozzle-6",
            "title": "<a href=\"\/products\/lazer-600-650-aluminum-extension-w-aluminum-nozzle-6\" title=\"Lazer® 600\/650 Aluminum Extension w\/ Aluminum Nozzle - 6&quot;\">Lazer Extension & Nozzle<\/a>",
            "text": "",
            "link_label": "",
            "link": ""
          }
        },
        "column_CU4VE4": {
          "type": "column",
          "settings": {
            "image": "shopify:\/\/shop_images\/guardair-gun-parts-80lj-extension-whisperjet-nozzle.png",
            "image_link": "https:\/\/guardair.com\/products\/whisperjet-80lj-aluminum-extension-w-aluminum-nozzle-6",
            "title": "<a href=\"\/products\/whisperjet-80lj-aluminum-extension-w-aluminum-nozzle-6\" title=\"WhisperJet® 80LJ Aluminum Extension w\/ Aluminum Nozzle - 6&quot;\">80LJ Extension & WhisperJet Nozzle<\/a>",
            "text": "",
            "link_label": "",
            "link": ""
          }
        },
        "column_P6y3mC": {
          "type": "column",
          "settings": {
            "image": "shopify:\/\/shop_images\/guardair-gun-parts-75lj-75xt-brass-coupler.png",
            "image_link": "https:\/\/guardair.com\/products\/long-john-75lj-xtrathrust-75xt-brass-coupler",
            "title": "<a href=\"\/products\/75lj-coupler\" title=\"75LJ \/ 75XT Brass Coupler\">75LJ \/ 75XT Brass Coupler<\/a>",
            "text": "",
            "link_label": "",
            "link": ""
          }
        },
        "column_weUTn3": {
          "type": "column",
          "settings": {
            "image": "shopify:\/\/shop_images\/guardair-gun-parts-74bh-brass-extension.png",
            "image_link": "https:\/\/guardair.com\/products\/blind-hole-74bh-brass-extension-6-straight",
            "title": "<a href=\"\/products\/blind-hole-74bh-brass-extension-6-straight\" title=\"Blind Hole® 74BH Brass Extension - 6&quot; Straight\">74BH Brass Extension<\/a>",
            "text": "",
            "link_label": "",
            "link": ""
          }
        },
        "column_qTVa7D": {
          "type": "column",
          "settings": {
            "image": "shopify:\/\/shop_images\/guardair-gun-parts-900-extension-nozzle.png",
            "image_link": "https:\/\/guardair.com\/products\/thumbswitch-900-aluminum-extension-w-aluminum-nozzle-6",
            "title": "<a href=\"\/products\/thumbswitch-900-aluminum-extension-w-aluminum-nozzle-6\" title=\"ThumbSwitch 900 Aluminum Extension w\/ Aluminum Nozzle - 6&quot;\">900 Extension & Nozzle<\/a>",
            "text": "",
            "link_label": "",
            "link": ""
          }
        },
        "column_kmybcL": {
          "type": "column",
          "settings": {
            "image": "shopify:\/\/shop_images\/guardair-gun-parts-lazer-steel-extension-venturi.png",
            "image_link": "https:\/\/guardair.com\/products\/lazer-600-650-steel-extension-w-venturi-3",
            "title": "<a href=\"\/products\/lazer-600-650-steel-extension-w-venturi-3\" title=\"Lazer® 600\/650 Steel Extension w\/ Venturi - 3&quot;\">Lazer Steel Extension w\/ Venturi<\/a>",
            "text": "",
            "link_label": "",
            "link": ""
          }
        },
        "column_eb4b3T": {
          "type": "column",
          "settings": {
            "image": "shopify:\/\/shop_images\/guardair-gun-parts-76-brass-extension.png",
            "image_link": "https:\/\/guardair.com\/products\/booster-76s-brass-extension-6",
            "title": "<a href=\"\/products\/booster-76s-brass-extension-6\" title=\"Booster 76S Brass Extension - 6&quot;\">76 Brass Extension<\/a>",
            "text": "",
            "link_label": "",
            "link": ""
          }
        },
        "column_EADzUz": {
          "type": "column",
          "settings": {
            "image": "shopify:\/\/shop_images\/guardair-gun-parts-75lj-steel-extension-venturi-nozzle.png",
            "image_link": "https:\/\/guardair.com\/products\/long-john-75lj-steel-extension-w-steel-nozzle-6",
            "title": "<a href=\"\/products\/long-john-75lj-steel-extension-w-steel-nozzle-6\" title=\"Long John® 75LJ Steel Extension w\/ Steel Nozzle - 6&quot;\">75LJ Steel Extension & Venturi Nozzle<\/a>",
            "text": "",
            "link_label": "",
            "link": ""
          }
        },
        "column_Hd6eih": {
          "type": "column",
          "settings": {
            "image": "shopify:\/\/shop_images\/guardair-gun-parts-4-pc-lazer-steel-extension-kit.png",
            "image_link": "https:\/\/guardair.com\/products\/4-pc-steel-extension-kit-for-lazer-series",
            "title": "<a href=\"\/products\/4-pc-steel-extension-kit-for-lazer-series\" title=\"Lazer® 600\/650 Steel Extension w\/ Venturi - 4 Piece Kit\">4 PC. Steel Extension Kit for Lazer Series<\/a>",
            "text": "",
            "link_label": "",
            "link": ""
          }
        },
        "column_Vj8tGd": {
          "type": "column",
          "settings": {
            "image": "shopify:\/\/shop_images\/guardair-gun-parts-75xt-steel-extension-xtrathrust-nozzle.png",
            "image_link": "https:\/\/guardair.com\/products\/xtrathrust-75xt-steel-extension-w-steel-nozzle-12",
            "title": "<a href=\"\/products\/xtrathrust-75xt-steel-extension-w-steel-nozzle-12\" title=\"XtraThrust® 75XT Steel Extension w\/ Steel Nozzle - 12&quot;\">75XT Steel Extension w\/ XtraThrust Nozzle<\/a>",
            "text": "",
            "link_label": "",
            "link": ""
          }
        },
        "column_xbMeTE": {
          "type": "column",
          "settings": {
            "image": "shopify:\/\/shop_images\/guardair-gun-parts-75lj-steel-extension-alloy-nozzle.png",
            "image_link": "https:\/\/guardair.com\/products\/long-john-75lj-steel-extension-w-alloy-nozzle-6",
            "title": "<a href=\"\/products\/long-john-75lj-steel-extension-w-alloy-nozzle-6\" title=\"Long John® 75LJ Steel Extension w\/ Alloy Nozzle - 6&quot;\">75LJ Steel Extension & Alloy Nozzle<\/a>",
            "text": "",
            "link_label": "",
            "link": ""
          }
        },
        "column_KyhABx": {
          "type": "column",
          "settings": {
            "image": "shopify:\/\/shop_images\/guardair-gun-parts-74-brass-extension_563541a6-f974-4358-b2f7-11487c458d54.png",
            "image_link": "https:\/\/guardair.com\/products\/jetguard-74s-brass-extension-6",
            "title": "<a href=\"\/products\/jetguard-74s-brass-extension-6\" title=\"JetGuard 74S Brass Extension - 6&quot;\">74 Brass Extension<\/a>",
            "text": "",
            "link_label": "",
            "link": ""
          }
        },
        "column_3ebBUQ": {
          "type": "column",
          "settings": {
            "image": "shopify:\/\/shop_images\/guardair-gun-parts-75xt-extension-steel-nozzle.png",
            "image_link": "https:\/\/guardair.com\/products\/xtrathrust-75xt-aluminum-extension-w-steel-nozzle-6",
            "title": "<a href=\"\/products\/xtrathrust-75xt-aluminum-extension-w-steel-nozzle-6\" title=\"XtraThrust® 75XT Aluminum Extension w\/ Steel Nozzle - 6&quot;\">75XT Extension & Steel Nozzle<\/a>",
            "text": "",
            "link_label": "",
            "link": ""
          }
        },
        "column_x69nWz": {
          "type": "column",
          "settings": {
            "image": "shopify:\/\/shop_images\/guardair-gun-parts-60-inch-steel-mid-extension-coupler.png",
            "image_link": "https:\/\/guardair.com\/products\/long-john-75lj-xtrathrust-75xt-steel-mid-extension-w-coupler-60",
            "title": "<a href=\"\/products\/long-john-75lj-xtrathrust-75xt-steel-mid-extension-w-coupler-60\" title=\"Long John® 75LJ \/ XtraThrust® 75XT Steel Mid Extension w\/ Coupler - 60&quot;\">60\" Steel Mid Extension With Coupler<\/a>",
            "text": "",
            "link_label": "",
            "link": ""
          }
        }
      },
      "block_order": [
        "column_aEXTYr",
        "column_HXjWE3",
        "column_fLCdHn",
        "column_VeU8Hz",
        "column_CaXi7p",
        "column_THkdQz",
        "column_FJLxcq",
        "column_CU4VE4",
        "column_P6y3mC",
        "column_weUTn3",
        "column_qTVa7D",
        "column_kmybcL",
        "column_eb4b3T",
        "column_EADzUz",
        "column_Hd6eih",
        "column_Vj8tGd",
        "column_xbMeTE",
        "column_KyhABx",
        "column_3ebBUQ",
        "column_x69nWz"
      ],
      "custom_css": [
        ".multicolumn-card__info {background-color: #ffffff; padding-left: 0px; padding-right: 0px;}",
        "h2 {font-size: 28px;}",
        "h3 {font-size: 18px; text-align: center; color: #002395;}",
        "a {text-decoration: none;}"
      ],
      "settings": {
        "title": "",
        "heading_size": "h1",
        "image_width": "full",
        "image_ratio": "adapt",
        "columns_desktop": 5,
        "column_alignment": "left",
        "background_style": "none",
        "button_label": "",
        "button_link": "",
        "color_scheme": "scheme-1",
        "columns_mobile": "2",
        "swipe_on_mobile": true,
        "padding_top": 0,
        "padding_bottom": 0,
        "anchor_id": ""
      }
    },
    "rich_text_KEJqiG": {
      "type": "rich-text",
      "blocks": {
        "text_ta7DNB": {
          "type": "text",
          "settings": {
            "text": ""
          }
        }
      },
      "block_order": [
        "text_ta7DNB"
      ],
      "settings": {
        "desktop_content_position": "left",
        "content_alignment": "left",
        "color_scheme": "",
        "full_width": true,
        "bdr_btm": true,
        "padding_top": 0,
        "padding_bottom": 12,
        "anchor_id": ""
      }
    },
    "rich_text_yFmRQU": {
      "type": "rich-text",
      "blocks": {
        "heading_dEhKGU": {
          "type": "heading",
          "settings": {
            "heading": "Repair Kits",
            "heading_size": "h1"
          }
        }
      },
      "block_order": [
        "heading_dEhKGU"
      ],
      "custom_css": [
        "h2 {font-size: 28px;}"
      ],
      "settings": {
        "desktop_content_position": "left",
        "content_alignment": "left",
        "color_scheme": "",
        "full_width": true,
        "bdr_btm": false,
        "padding_top": 40,
        "padding_bottom": 12,
        "anchor_id": ""
      }
    },
    "multicolumn_QhMXfn": {
      "type": "multicolumn",
      "blocks": {
        "column_KFQXLx": {
          "type": "column",
          "settings": {
            "image": "shopify:\/\/shop_images\/guardair-gun-parts-valve-repair-kit.png",
            "image_link": "https:\/\/guardair.com\/products\/air-gun-valve-repair-kit-force-5-f5-inforcer-inf5-hydroforce-hyd-models",
            "title": "<a href=\"\/products\/air-gun-valve-repair-kit-force-5-f5-inforcer-inf5-hydroforce-hyd-models\" title=\"Air Gun Valve Repair Kit - Force 5® F5 \/ Inforcer® INF5 \/ HydroForce® HYD Models\">Valve Repair Kit<\/a>",
            "text": "",
            "link_label": "",
            "link": ""
          }
        },
        "column_4B7VLp": {
          "type": "column",
          "settings": {
            "image": "shopify:\/\/shop_images\/guardair-gun-parts-trigger-repair-kit.png",
            "image_link": "https:\/\/guardair.com\/products\/air-gun-trigger-repair-kit-classic-models-w-short-trigger",
            "title": "<a href=\"\/products\/air-gun-trigger-repair-kit-classic-models-w-short-trigger\" title=\"Air Gun Trigger Repair Kit - Classic+ Models w\/ Short Trigger\">Trigger Repair Kit<\/a>",
            "text": "",
            "link_label": "",
            "link": ""
          }
        },
        "column_3tEHy4": {
          "type": "column",
          "settings": {
            "image": "shopify:\/\/shop_images\/guardair-gun-parts-gun-rebuild-kit.png",
            "image_link": "https:\/\/guardair.com\/products\/air-gun-rebuild-kit-old-classic-models-prior-to-2008",
            "title": "<a href=\"\/products\/air-gun-rebuild-kit-old-classic-models-prior-to-2008\" title=\"Air Gun Rebuild Kit - Old Classic Models (Prior to 2008)\">Gun Rebuild Kit<\/a>",
            "text": "",
            "link_label": "",
            "link": ""
          }
        },
        "column_jctXBn": {
          "type": "column",
          "settings": {
            "image": "shopify:\/\/shop_images\/guardair-gun-parts-shuttle-valve-repair-kit.png",
            "image_link": "https:\/\/guardair.com\/products\/air-gun-shuttle-valve-repair-kit-hydroforce-hyd-models-w-3-8-inlet",
            "title": "<a href=\"\/products\/air-gun-shuttle-valve-repair-kit-hydroforce-hyd-models-w-3-8-inlet\" title=\"Air Gun Shuttle Valve Repair Kit - HydroForce® HYD Models w\/ 3\/8&quot; Inlet\">Shuttle Valve Repair Kit<\/a>",
            "text": "",
            "link_label": "",
            "link": ""
          }
        }
      },
      "block_order": [
        "column_KFQXLx",
        "column_4B7VLp",
        "column_3tEHy4",
        "column_jctXBn"
      ],
      "custom_css": [
        ".multicolumn-card__info {background-color: #ffffff; padding-left: 0px; padding-right: 0px;}",
        "h2 {font-size: 28px;}",
        "h3 {font-size: 18px; text-align: center; color: #002395;}",
        "a {text-decoration: none;}"
      ],
      "settings": {
        "title": "",
        "heading_size": "h1",
        "image_width": "full",
        "image_ratio": "adapt",
        "columns_desktop": 4,
        "column_alignment": "left",
        "background_style": "none",
        "button_label": "",
        "button_link": "",
        "color_scheme": "scheme-1",
        "columns_mobile": "2",
        "swipe_on_mobile": true,
        "padding_top": 0,
        "padding_bottom": 100,
        "anchor_id": ""
      }
    }
  },
  "order": [
    "main",
    "rich_text_Kc4nMk",
    "multicolumn_y3RJDU",
    "rich_text_4LhbKH",
    "rich_text_YXK7Fj",
    "multicolumn_xezMVG",
    "rich_text_67Er7i",
    "rich_text_TzcPFa",
    "multicolumn_YhbJKw",
    "rich_text_KEJqiG",
    "rich_text_yFmRQU",
    "multicolumn_QhMXfn"
  ]
}
