{
  "sections": {
    "main": {
      "type": "main-page",
      "settings": {
        "padding_top": 28,
        "padding_bottom": 0
      }
    },
    "58579b15-981b-4b4e-8a3f-d4572d6367b8": {
      "type": "custom-image-with-text",
      "settings": {
        "img_picker": "shopify:\/\/shop_images\/buy-direct-online.jpg",
        "image_alignment": "left",
        "content": "<p>You can purchase Guardair products direct from our website by <a href=\"https:\/\/guardair.com\/collections\/all\" title=\"https:\/\/guardair.com\/collections\/all\">clicking here<\/a>.<\/p><p>If you have any questions you cant contact us via email or by phone.<\/p><p>General Inquiries & Sales Requests: <a href=\"mailto:info@guardair.com\">Info@guardair.com<\/a><br\/>Technical Questions: <a href=\"mailto:productsupport@guardair.com\">ProductSupport@guardair.com<\/a> <\/p><p>Phone: 413-594-4400<br\/>Toll-Free: 800-482-7324<\/p>",
        "padding_top": 0,
        "padding_bottom": 25
      }
    }
  },
  "order": [
    "main",
    "58579b15-981b-4b4e-8a3f-d4572d6367b8"
  ]
}
