{"sections":{"main":{"type":"main-page","settings":{"padding_top":28,"padding_bottom":40}},"image_with_text_3pBWc8":{"type":"image-with-text","blocks":{"caption_i3qGcp":{"type":"caption","settings":{"caption":"Our Most Versatile Line of Air Guns","text_style":"caption-with-letter-spacing","text_size":"medium"}},"heading_emA4Uz":{"type":"heading","settings":{"heading":"Ultra Performance at Your Fingertips","heading_size":"h1"}},"text_xbhzLG":{"type":"text","settings":{"text":"<p>Choose your style. Three nozzles. Two trigger styles. Built for power, precision, and quiet control.<\/p>","text_style":"body"}},"button_gARFia":{"type":"button","settings":{"button_label":"Explore Models","button_link":"#ultra-family","button_style_secondary":false,"button_label_2":"Watch Video","button_link_2":"#ultra-video","button_style_secondary_2":false}}},"block_order":["caption_i3qGcp","heading_emA4Uz","text_xbhzLG","button_gARFia"],"custom_css":[".button {opacity: 1; background-color: #002395; text-transform: uppercase; font-family: Eurostile-Bol, sans-serif; font-size: 18px; margin-top: 0px;}",".image-with-text__text--caption {margin-bottom: 15px;}",".image-with-text__content {padding-bottom: 0px;}",".itg_text_img {border-bottom: 2px solid #ddd; padding-bottom: 36px;}",".itg_text_img .image-with-text__text.rte p {margin-bottom: 10px; font-size: 18px;}"],"name":"t:sections.image-with-text.presets.name","settings":{"image":"shopify:\/\/shop_images\/guardair-ultra-whisperjet-u80wj-application-machinist-with-air-hose32.png","height":"adapt","desktop_image_width":"large","layout":"image_first","desktop_content_position":"middle","desktop_content_alignment":"center","content_layout":"no-overlap","section_color_scheme":"scheme-1","color_scheme":"scheme-1","image_behavior":"none","mobile_content_alignment":"center","padding_top":0,"padding_bottom":0}},"rich_text_nw8HXM":{"type":"rich-text","blocks":{"caption_MmeKXW":{"type":"caption","settings":{"caption":"Precision Control, Ultra Results","text_style":"caption-with-letter-spacing","text_size":"medium"}},"text_7XTzx9":{"type":"text","settings":{"text":"<p>Meet the Ultra Series Safety Air Guns — Guardair's most versatile lineup yet. Whether you need raw power, quiet performance, or extended reach, there's an Ultra for every job. All Ultras are OSHA Compliant and assembled in the USA.<\/p>"}}},"block_order":["caption_MmeKXW","text_7XTzx9"],"custom_css":[],"name":"t:sections.rich-text.presets.name","settings":{"desktop_content_position":"center","content_alignment":"center","color_scheme":"","full_width":true,"bdr_btm":false,"padding_top":40,"padding_bottom":0,"anchor_id":""}},"rich_text_9ta98a":{"type":"rich-text","blocks":{"text_QY9bHD":{"type":"text","settings":{"text":"<p><strong>Three Models to Choose From<\/strong><\/p>"}}},"block_order":["text_QY9bHD"],"custom_css":["p {margin-bottom: 5px;}"],"name":"t:sections.rich-text.presets.name","settings":{"desktop_content_position":"center","content_alignment":"center","color_scheme":"","full_width":true,"bdr_btm":false,"padding_top":8,"padding_bottom":0,"anchor_id":""}},"multicolumn_g7eXzV":{"type":"multicolumn","blocks":{"column_fmGGrc":{"type":"column","settings":{"image":"shopify:\/\/shop_images\/guardair-ultra-u75lj-6-inch-long-trigger-u75lj006aa3-main.jpg","image_link":"","title":"<a href=\"\/products\/ultra-u75lj-safety-air-gun-12-w-long-trigger\" title=\"Ultra® U75LJ Safety Air Gun - 12&quot; w\/ Long Trigger\">Ultra Long John<\/a>","text":"<p>Standard power with Venturi nozzle for efficient airflow.<\/p>","link_label":"","link":""}},"column_DbMnCV":{"type":"column","settings":{"image":"shopify:\/\/shop_images\/guardair-ultra-xtrathrust-u75xt-6-inch-long-trigger-u75xt006aa3-main.jpg","image_link":"","title":"<a href=\"\/products\/ultra-xtrathrust-u75xt-safety-air-gun-12-w-long-trigger\" title=\"Ultra® XtraThrust® U75XT Safety Air Gun - 12&quot; w\/ Long Trigger\">Ultra XtraThrust<\/a>","text":"<p>Delivers maximum force for the toughest debris.<\/p>","link_label":"","link":""}},"column_yMMx4L":{"type":"column","settings":{"image":"shopify:\/\/shop_images\/guardair-ultra-whisperjet-u80lj-6-inch-long-trigger-u80lj006aa3-main.jpg","image_link":"","title":"<a href=\"\/products\/ultra-whisperjet-u80lj-safety-air-gun-12-w-short-trigger\" title=\"Ultra® WhisperJet® U80LJ Safety Air Gun - 12&quot; w\/ Short Trigger\">Ultra WhisperJet<\/a>","text":"<p>Features a quiet nozzle for noise-sensitive environments.<\/p>","link_label":"","link":""}}},"block_order":["column_fmGGrc","column_DbMnCV","column_yMMx4L"],"custom_css":[".multicolumn-card__info {background-color: #ffffff; padding-left: 14px; padding-right: 0px; padding-top: 0px; padding-bottom: 10px;}","h3 {font-size: 18px;}","p,a {font-size: 18px; padding-left: 0px; padding-right: 0px; text-decoration: none;}"],"name":"t:sections.multicolumn.presets.name","settings":{"title":"","heading_size":"h1","image_width":"half","image_ratio":"adapt","columns_desktop":3,"column_alignment":"center","background_style":"none","button_label":"","button_link":"","color_scheme":"","columns_mobile":"1","swipe_on_mobile":false,"padding_top":0,"padding_bottom":0,"anchor_id":""}},"rich_text_Df4g9A":{"type":"rich-text","blocks":{"text_yQbLTN":{"type":"text","settings":{"text":"<p><em>All models come in 6\"-72\" extension lengths, with short or long trigger options to fit your workflow.<\/em><\/p>"}}},"block_order":["text_yQbLTN"],"name":"t:sections.rich-text.presets.name","settings":{"desktop_content_position":"center","content_alignment":"center","color_scheme":"","full_width":true,"bdr_btm":false,"padding_top":0,"padding_bottom":0,"anchor_id":""}},"custom_liquid_NMTTRz":{"type":"custom-liquid","name":"t:sections.custom-liquid.presets.name","settings":{"custom_liquid":"<div class=\"section-icons text-center\">\n  <div style=\"display: flex; justify-content: center; gap: 10px; margin-top: 0px;\">\n    <img src=\"https:\/\/cdn.shopify.com\/s\/files\/1\/2656\/7586\/files\/master_icons_002395_OSHA.png?v=1745937369\" alt=\"OSHA Compliant\" style=\"height: 100px;\">\n    <img src=\"https:\/\/cdn.shopify.com\/s\/files\/1\/2656\/7586\/files\/master_icons_002395_Assembled_USA.png?v=1745937369\" alt=\"Assembled in USA\" style=\"height: 100px;\">\n  <\/div>\n<\/div>","color_scheme":"","padding_top":0,"padding_bottom":16}},"rich_text_b6mTe6":{"type":"rich-text","blocks":{"text_hGwRP3":{"type":"text","settings":{"text":"<p><strong>Built for Every Industry<\/strong><br\/>Automotive • Building Products • Food Processing • Government & Military • Manufacturing • Petrochemical • Primary Metals • Printing • Pulp & Paper • Rubber & Plastics • Transportation • Wood & Forest Products<\/p>"}}},"block_order":["text_hGwRP3"],"custom_css":["p {margin-bottom: 15px;}"],"name":"t:sections.rich-text.presets.name","settings":{"desktop_content_position":"center","content_alignment":"center","color_scheme":"","full_width":true,"bdr_btm":false,"padding_top":24,"padding_bottom":0,"anchor_id":""}},"custom_liquid_iqEH3f":{"type":"custom-liquid","custom_css":[],"name":"t:sections.custom-liquid.presets.name","settings":{"custom_liquid":"<style>\n  .ultra-specs {\n    background-color: #002395; \n    color: white;\n    border-collapse: collapse;\n    width: 100%;\n    text-align: center;\n    margin: 2rem 0;\n  }\n\n  .ultra-specs th,\n  .ultra-specs td {\n    border: 1px solid #FFFFFF;\n    padding: 1rem;\n    font-size: 2rem;\n  }\n.ultra-specs tbody {\nbackground-color: #4B92DB;\ncolor: #FFFFFF;\n}\n\n  .ultra-specs th {\n    font-size: 2rem;\n  }\n\n  .ultra-specs caption {\n    caption-side: top;\n    padding: 1rem;\ncolor: #121212;\n  }\n.ultra-specs caption h2 {\nfont-size: 18px;\nmargin-bottom: 0.5rem;\n}\n\n  @media (max-width: 600px) {\n    .ultra-specs th,\n    .ultra-specs td {\n      font-size: 1rem;\n      padding: 0.5rem;\n    }\n\n    .ultra-specs caption {\n      font-size: 1.5rem;\n    }\n  }\n<\/style>\n\n<table class=\"ultra-specs\">\n  <caption><h2>Performance Specs<\/h2><\/caption>\n  <thead>\n    <tr>\n      <th>Model<\/th>\n      <th>Air Flow<br>(cfm)<\/th>\n      <th>Thrust<br>(lb)<\/th>\n      <th>Noise Level<br>(dBA)<\/th>\n    <\/tr>\n  <\/thead>\n  <tbody>\n    <tr>\n      <td>XtraThrust<\/td>\n      <td>66<\/td>\n      <td>3.3<\/td>\n      <td>101<\/td>\n    <\/tr>\n    <tr>\n      <td>Long John<\/td>\n      <td>49<\/td>\n      <td>2.8<\/td>\n      <td>104<\/td>\n    <\/tr>\n    <tr>\n      <td>WhisperJet<\/td>\n      <td>18<\/td>\n      <td>1.1<\/td>\n      <td>88<\/td>\n    <\/tr>\n  <\/tbody>\n<\/table>","color_scheme":"","padding_top":0,"padding_bottom":8}},"rich_text_Ygq6bf":{"type":"rich-text","blocks":{"heading_TyMP7z":{"type":"heading","settings":{"heading":"Meet the Ultra Family","heading_size":"h1"}}},"block_order":["heading_TyMP7z"],"custom_css":["h2 {font-size: 36px;}",".rich-text__blocks {border-top: 2px solid #ddd; padding-top: 36px;}","@media screen and (max-width: 767px) {h2 {font-size: 30px; }}"],"name":"t:sections.rich-text.presets.name","settings":{"desktop_content_position":"center","content_alignment":"center","color_scheme":"","full_width":true,"bdr_btm":false,"padding_top":12,"padding_bottom":16,"anchor_id":"ultra-family"}},"custom_text_and_image_blocks_w4B9eT":{"type":"custom-text-and-image-blocks","blocks":{"image_text_kV9U4x":{"type":"Image-Text","settings":{"img_logo":"shopify:\/\/shop_images\/ultra-long-john-with-nozzle-standard-air-gray.png","img_position":"right","head":"Ultra Long John U75LJ Safety Air Gun","content":"<p>Versatile and rugged Ultra Long John Venturi Series offers the ultimate in safety air gun performance and comfort. Ideal for cleaning inaccessible and hard-to-reach areas. Efficient venturi nozzle boosts thrust up to 300% over conventional air guns, yet limits static pressure to less than 30 psi should the tip become blocked.<\/p><ul><li>Cast aluminum body with premium cushion grip<\/li><li>Full length contoured ergonomic trigger<\/li><li>Adjustable hanging hook<\/li><li>Aluminum extension<\/li><li>Zinc alloy venturi nozzle<\/li><li>3\/8\" FNPT inlet<\/li><li>Meets OSHA Standards<\/li><\/ul>","img_alignment":"seventy","button_label":"SHOP NOW","button_link":"shopify:\/\/products\/ultra-u75lj-safety-air-gun-12-w-long-trigger"}},"image_text_TtxmRh":{"type":"Image-Text","settings":{"img_logo":"shopify:\/\/shop_images\/ultra-xtrathrust-with-nozzle-maximum-air-gray.png","img_position":"left","head":"Ultra XtraThrust U75XT Safety Air Gun","content":"<p>Ultra XtraThrust Series delivers maximum thrust along with superior performance and comfort. Engineered for the toughest applications and to move the heaviest debris, Ultra Series XtraThrust generates the highest thrust in the Ultra Family yet limits static pressure to less than 30 psi should the tip become blocked.<\/p><ul><li>Cast aluminum body with premium cushion grip<\/li><li>Full length contoured ergonomic trigger<\/li><li>Adjustable hanging hook<\/li><li>Aluminum extension<\/li><li>Zinc alloy XtraThrust nozzle<\/li><li>3\/8\" FNPT inlet<\/li><li>Meets OSHA Standards<\/li><\/ul>","img_alignment":"seventy","button_label":"SHOP NOW","button_link":"shopify:\/\/products\/ultra-xtrathrust-u75xt-safety-air-gun-12-w-long-trigger"}},"image_text_YWtcgA":{"type":"Image-Text","settings":{"img_logo":"shopify:\/\/shop_images\/ultra-whisperjet-with-nozzle-quiet-air-gray.png","img_position":"right","head":"Ultra WhisperJet U80LJ Safety Air Gun","content":"<p>Ultra WhisperJet Series incorporates exclusive WhisperJet nozzle technology to provide superior thrust at reduced noise levels. Ideal where low noise coupled with extended reach capability is required. Solid conical tip prevents nozzle blockage, thereby meeting OSHA requirements.<\/p><ul><li>Cast aluminum body with premium cushion grip<\/li><li>Full length contoured ergonomic trigger<\/li><li>Adjustable hanging hook<\/li><li>Aluminum extension<\/li><li>Aluminum WhisperJet nozzle<\/li><li>3\/8\" FNPT inlet<\/li><li>Meets OSHA Standards<\/li><\/ul>","img_alignment":"seventy","button_label":"SHOP NOW","button_link":"shopify:\/\/products\/ultra-whisperjet-u80lj-safety-air-gun-12-w-short-trigger"}}},"block_order":["image_text_kV9U4x","image_text_TtxmRh","image_text_YWtcgA"],"custom_css":["h2 {font-size: 22px;}",".block_textdiv {width: 60%;}",".block_imgdiv {width: 40%;}",".blocks_images_texts {border-bottom: 2px solid #ddd;}",".blocks_images_textsmain {padding-bottom: 30px;}","ul {margin-bottom: 20px;}","@media screen and (min-width: 679px) {.block_textdiv {padding: 20px 30px; }}","@media only screen and (max-width: 767px) {.blocks_images_textsmain {text-align: center; flex-direction: column-reverse; } h2 {font-size: 20px; padding-top: 25px; } ul {text-align: left; padding-inline-start: 30px; }}"],"name":"Text Image Blocks","settings":{"padding_top":25,"padding_bottom":10}},"featured_collection_VQLqJR":{"type":"featured-collection","custom_css":["h2 {text-align: center; font-size: 36px; padding-bottom: 30px;}",".slider-mobile-gutter {border-bottom: 2px solid #ddd; padding-bottom: 20px;}","@media screen and (max-width: 767px) {h2 {font-size: 30px; }}",".card__inner.ratio {height: auto !important; aspect-ratio: auto !important;}",".media {height: auto !important; padding-bottom: 0 !important; aspect-ratio: auto !important;}",".media img {height: auto !important; width: 100% !important; object-fit: contain !important;}"],"name":"t:sections.featured-collection.presets.name","settings":{"title":"Ultra Bestsellers","heading_size":"h2","description":"","show_product_full_data":true,"show_description":false,"description_style":"body","collection":"ultra-bestsellers","bottomdescription":"","products_to_show":12,"columns_desktop":4,"full_width":false,"show_view_all":false,"view_all_style":"solid","enable_desktop_slider":false,"color_scheme":"","image_ratio":"adapt","image_shape":"default","show_secondary_image":false,"show_vendor":false,"show_rating":false,"enable_quick_add":false,"c_slider":true,"columns_mobile":"1","swipe_on_mobile":false,"padding_top":36,"padding_bottom":24}},"video_TTznqc":{"type":"video","custom_css":["h2 {font-size: 36px; text-align: center;}","@media screen and (max-width: 767px) {h2 {font-size: 30px; }}"],"name":"t:sections.video.presets.name","settings":{"heading":"Video","heading_size":"h1","enable_video_looping":false,"video_url":"https:\/\/www.youtube.com\/watch?v=UFBYa4H-kRA","cover_image":"shopify:\/\/shop_images\/guardair-ultra-air-guns-video-thumbnail-youtube.png","description":"Ultra Series Safety Air Guns","full_width":false,"color_scheme":"","padding_top":24,"padding_bottom":100,"anchor_id":"ultra-video"}}},"order":["main","image_with_text_3pBWc8","rich_text_nw8HXM","rich_text_9ta98a","multicolumn_g7eXzV","rich_text_Df4g9A","custom_liquid_NMTTRz","rich_text_b6mTe6","custom_liquid_iqEH3f","rich_text_Ygq6bf","custom_text_and_image_blocks_w4B9eT","featured_collection_VQLqJR","video_TTznqc"]}