{"sections":{"main":{"type":"main-page","settings":{"padding_top":28,"padding_bottom":0}},"multicolumn_FG7Y9y":{"type":"multicolumn","blocks":{"column_3YaeJN":{"type":"column","settings":{"image_link":"","title":"","text":"<ul><li><a href=\"#classic-plus\" title=\"Classic+ Safety Air Guns\"><strong>Classic+ Safety Air Guns<\/strong><\/a><\/li><li><a href=\"#palmjet\" title=\"PalmJet Safety Air Guns\"><strong>PalmJet Safety Air Guns<\/strong><\/a><\/li><li><a href=\"#ultra\" title=\"Ultra Safety Air Guns\"><strong>Ultra Safety Air Guns<\/strong><\/a><\/li><\/ul>","link_label":"","link":""}},"column_3cEFfD":{"type":"column","settings":{"image_link":"","title":"","text":"<ul><li><a href=\"#whisperjet\" title=\"WhisperJet Safety Air Guns\"><strong>WhisperJet Safety Air Guns<\/strong><\/a><\/li><li><a href=\"#thumbswitch\" title=\"ThumbSwitch Safety Air Guns\"><strong>ThumbSwitch Safety Air Guns<\/strong><\/a><\/li><li><a href=\"#lazer\" title=\"Lazer Safety Air Guns\"><strong>Lazer Safety Air Guns<\/strong><\/a><\/li><\/ul>","link_label":"","link":""}},"column_yq9ypt":{"type":"column","settings":{"image_link":"","title":"","text":"<ul><li><a href=\"#big-guns\" title=\"Big Air Guns\"><strong>Big Air Guns<\/strong><\/a><\/li><li><a href=\"#specialty-guns\" title=\"Specialty Air Guns\"><strong>Specialty Air Guns<\/strong><\/a><\/li><\/ul>","link_label":"","link":""}}},"block_order":["column_3YaeJN","column_3cEFfD","column_yq9ypt"],"custom_css":[".multicolumn-card__info {background-color: #ffffff; padding-left: 14px; padding-right: 0px; padding-bottom: 10px;}","h2 {font-size: 24px;}","h3 {font-size: 18px; color: #002395;}","a {color: #002395; text-decoration: none; font-size: 20px;}"],"settings":{"title":"","heading_size":"h1","image_width":"full","image_ratio":"adapt","columns_desktop":3,"column_alignment":"left","background_style":"none","button_label":"","button_link":"","color_scheme":"","columns_mobile":"1","swipe_on_mobile":true,"padding_top":12,"padding_bottom":16,"anchor_id":""}},"rich_text_Kc4nMk":{"type":"rich-text","blocks":{"heading_XwdxkB":{"type":"heading","settings":{"heading":"Classic+ Safety Air Guns","heading_size":"h1"}},"text_hWmUyd":{"type":"text","settings":{"text":"<p>Combining our original \"classic\" design with updated safety features, Classic+ Safety Air Guns offer reliable performance for industrial cleaning. Each model—including the popular Long John—has a durable design to handle rugged tasks with ease. With OSHA-compliant nozzles and an ergonomic grip, these air guns provide dependable cleaning power while prioritizing user safety.<\/p>"}}},"block_order":["heading_XwdxkB","text_hWmUyd"],"custom_css":["h2 {font-size: 28px;}"],"settings":{"desktop_content_position":"left","content_alignment":"left","color_scheme":"","full_width":true,"bdr_btm":false,"padding_top":40,"padding_bottom":12,"anchor_id":"classic-plus"}},"multicolumn_xezMVG":{"type":"multicolumn","blocks":{"column_7dazHw":{"type":"column","settings":{"image":"shopify:\/\/shop_images\/guardair-safety-air-guns-long-john.png","image_link":"https:\/\/guardair.com\/products\/long-john-75lj-safety-air-gun-6","title":"<a href=\"\/products\/long-john-75lj-safety-air-gun-6\" title=\"Long John® 75LJ Safety Air Gun - 6&quot;\">Long John Safety Air Gun<\/a>","text":"","link_label":"","link":""}},"column_C7thbA":{"type":"column","settings":{"image":"shopify:\/\/shop_images\/guardair-safety-air-guns-xtrathrust.png","image_link":"https:\/\/guardair.com\/products\/xtrathrust-75xt-safety-air-gun-6","title":"<a href=\"\/products\/xtrathrust-75xt-safety-air-gun-6\" title=\"XtraThrust® 75XT Safety Air Gun - 6&quot;\">XtraThrust Safety Air Gun<\/a>","text":"","link_label":"","link":""}},"column_G4UAWG":{"type":"column","settings":{"image":"shopify:\/\/shop_images\/guardair-safety-air-guns-whisperjet-80lj_6b18b128-1b0e-4844-8c71-10267626f064.png","image_link":"https:\/\/guardair.com\/products\/whisperjet-80lj-safety-air-gun-6","title":"<a href=\"\/products\/whisperjet-80lj-safety-air-gun-6\" title=\"WhisperJet® 80LJ Safety Air Gun - 6&quot;\">WhisperJet Safety Air Gun 80LJ<\/a>","text":"","link_label":"","link":""}},"column_cCawkH":{"type":"column","settings":{"image":"shopify:\/\/shop_images\/guardair-safety-air-guns-flex_44f1db54-d0a9-4711-9b06-ead92af45a0c.png","image_link":"https:\/\/guardair.com\/products\/flex-80-safety-air-gun-w-whisperjet-nozzle-12","title":"<a href=\"\/products\/flex-80-safety-air-gun-w-whisperjet-nozzle-12\" title=\"Flex 80 Safety Air Gun w\/ WhisperJet® Nozzle - 12&quot;\">Flex Safety Air Gun<\/a>","text":"","link_label":"","link":""}},"column_iF4tK4":{"type":"column","settings":{"image":"shopify:\/\/shop_images\/guardair-safety-air-guns-original.png","image_link":"https:\/\/guardair.com\/products\/the-original-57s30xb-safety-air-gun","title":"<a href=\"\/products\/original-safety-air-gun-57s30xb\" title=\"Original Safety Air Gun 57S30XB\">Original Safety Air Gun<\/a>","text":"","link_label":"","link":""}},"column_VpyJwr":{"type":"column","settings":{"image":"shopify:\/\/shop_images\/guardair-safety-air-guns-jetguard-74s.png","image_link":"https:\/\/guardair.com\/products\/jetguard-74s-safety-air-gun","title":"<a href=\"\/products\/jetguard-74s-safety-air-gun\" title=\"JetGuard 74S Safety Air Gun\">JetGuard Safety Air Gun 74S<\/a>","text":"","link_label":"","link":""}},"column_xHfP3n":{"type":"column","settings":{"image":"shopify:\/\/shop_images\/guardair-safety-air-guns-rubber-tip.png","image_link":"https:\/\/guardair.com\/products\/rubber-tip-74rt-safety-air-gun","title":"<a href=\"\/products\/rubber-tip-safety-air-gun\" title=\"Rubber Tip Safety Air Gun\">Rubber Tip Safety Air Gun<\/a>","text":"","link_label":"","link":""}},"column_9iMXeA":{"type":"column","settings":{"image":"shopify:\/\/shop_images\/guardair-safety-air-guns-xtrathrust-75xxt.png","image_link":"https:\/\/guardair.com\/products\/xtrathrust-75xxt-safety-air-gun","title":"<a href=\"\/products\/xtra-thrust-safety-air-gun-75xxt\" title=\"XtraThrust Safety Air Gun 75XXT\">XtraThrust Safety Air Gun 75XXT<\/a>","text":"","link_label":"","link":""}},"column_biUe4F":{"type":"column","settings":{"image":"shopify:\/\/shop_images\/guardair-safety-air-guns-airmiser-74h.png","image_link":"https:\/\/guardair.com\/products\/airmiser-74h-safety-air-gun","title":"<a href=\"\/products\/air-miser-safety-air-gun-74h\" title=\"AirMiser Safety Air Gun 74H\">AirMiser Safety Air Gun 74H<\/a>","text":"","link_label":"","link":""}},"column_MWANrN":{"type":"column","settings":{"image":"shopify:\/\/shop_images\/guardair-safety-air-guns-whisperjet_2fefc54a-1605-4382-a8f2-d70a24c79890.png","image_link":"https:\/\/guardair.com\/products\/whisperjet-80wj-safety-air-gun","title":"<a href=\"\/products\/whisperjet-80wj-safety-air-gun\" title=\"WhisperJet® 80WJ Safety Air Gun\">WhisperJet Safety Air Gun 80WJ<\/a>","text":"","link_label":"","link":""}},"column_GQzpzm":{"type":"column","settings":{"image":"shopify:\/\/shop_images\/guardair-safety-air-guns-quietforce.png","image_link":"https:\/\/guardair.com\/products\/classic-quietforce-74g-safety-air-gun-adjustable-air-nozzle-79-dba","title":"<a href=\"\/products\/classic-quietforce-74g-safety-air-gun-adjustable-air-nozzle-79-dba\" title=\"Classic+ QuietForce® 74G Safety Air Gun - Adjustable Air Nozzle (79 dBA)\">QuietForce Safety Air Gun 74G<\/a>","text":"","link_label":"","link":""}},"column_tDQF7a":{"type":"column","settings":{"image":"shopify:\/\/shop_images\/guardair-safety-air-guns-booster.png","image_link":"https:\/\/guardair.com\/products\/booster-76s-safety-air-gun-6","title":"<a href=\"\/products\/booster-76s-safety-air-gun-6\" title=\"Booster 76S Safety Air Gun - 6&quot;\">Booster Safety Air Gun<\/a>","text":"","link_label":"","link":""}},"column_ABkzBK":{"type":"column","settings":{"image":"shopify:\/\/shop_images\/guardair-safety-air-guns-blind-hole.png","image_link":"https:\/\/guardair.com\/products\/blind-hole-74bh-safety-air-gun-12-angled-tip","title":"<a href=\"\/products\/blind-hole-74bh-safety-air-gun-12-angled-tip\" title=\"Blind Hole® 74BH Safety Air Gun - 12&quot; Angled Tip\">Blind Hole Safety Air Gun<\/a>","text":"","link_label":"","link":""}}},"block_order":["column_7dazHw","column_C7thbA","column_G4UAWG","column_cCawkH","column_iF4tK4","column_VpyJwr","column_xHfP3n","column_9iMXeA","column_biUe4F","column_MWANrN","column_GQzpzm","column_tDQF7a","column_ABkzBK"],"custom_css":[".multicolumn-card__info {background-color: #ffffff; padding-left: 0px; padding-right: 0px;}","h2 {font-size: 28px;}","h3 {font-size: 18px; text-align: center; color: #002395;}","a {text-decoration: none;}"],"settings":{"title":"","heading_size":"h1","image_width":"full","image_ratio":"adapt","columns_desktop":4,"column_alignment":"left","background_style":"none","button_label":"","button_link":"","color_scheme":"scheme-1","columns_mobile":"2","swipe_on_mobile":true,"padding_top":0,"padding_bottom":0,"anchor_id":""}},"rich_text_i7yrjL":{"type":"rich-text","blocks":{"text_Ymgpnq":{"type":"text","settings":{"text":""}}},"block_order":["text_Ymgpnq"],"settings":{"desktop_content_position":"left","content_alignment":"left","color_scheme":"","full_width":true,"bdr_btm":true,"padding_top":0,"padding_bottom":12,"anchor_id":""}},"rich_text_EdVHeU":{"type":"rich-text","blocks":{"heading_6G4zBp":{"type":"heading","settings":{"heading":"PalmJet Safety Air Guns","heading_size":"h1"}},"text_q9ekF6":{"type":"text","settings":{"text":"<p>Compact and lightweight, PalmJet Safety Air Guns are designed for tight spaces and quick cleaning tasks. Featuring a simple, squeeze-activated design, they deliver effective airflow in a highly portable size. Available with both straight and bent extensions, the built-in volume dial allows easy airflow adjustments, making these air guns a versatile solution in industrial environments.<\/p>"}}},"block_order":["heading_6G4zBp","text_q9ekF6"],"custom_css":["h2 {font-size: 28px;}"],"settings":{"desktop_content_position":"left","content_alignment":"left","color_scheme":"","full_width":true,"bdr_btm":false,"padding_top":40,"padding_bottom":12,"anchor_id":"palmjet"}},"multicolumn_nUa7bn":{"type":"multicolumn","blocks":{"column_niwJUR":{"type":"column","settings":{"image":"shopify:\/\/shop_images\/guardair-safety-air-guns-palmjet.png","image_link":"https:\/\/guardair.com\/products\/palmjet-ga44-safety-air-gun-4-straight","title":"<a href=\"\/products\/palmjet-ga44-safety-air-gun-4-straight\" title=\"PalmJet® GA44 Safety Air Gun - 4&quot; Straight\">PalmJet Safety Air Gun w\/ Straight Extension<\/a>","text":"","link_label":"","link":""}},"column_b7hPdC":{"type":"column","settings":{"image":"shopify:\/\/shop_images\/guardair-safety-air-guns-palmjet-bent.png","image_link":"https:\/\/guardair.com\/products\/palmjet-ga44-safety-air-gun-4-bent","title":"<a href=\"\/products\/palmjet-ga44-safety-air-gun-4-bent\" title=\"PalmJet® GA44 Safety Air Gun - 4&quot; Bent\">PalmJet Safety Air Gun w\/ Bent Extension<\/a>","text":"","link_label":"","link":""}}},"block_order":["column_niwJUR","column_b7hPdC"],"custom_css":[".multicolumn-card__info {background-color: #ffffff; padding-left: 0px; padding-right: 0px;}","h2 {font-size: 28px;}","h3 {font-size: 18px; text-align: center; color: #002395;}","a {text-decoration: none;}"],"settings":{"title":"","heading_size":"h1","image_width":"full","image_ratio":"adapt","columns_desktop":4,"column_alignment":"left","background_style":"none","button_label":"","button_link":"","color_scheme":"scheme-1","columns_mobile":"2","swipe_on_mobile":true,"padding_top":0,"padding_bottom":0,"anchor_id":""}},"rich_text_4LhbKH":{"type":"rich-text","blocks":{"text_RQLMeF":{"type":"text","settings":{"text":""}}},"block_order":["text_RQLMeF"],"settings":{"desktop_content_position":"left","content_alignment":"left","color_scheme":"","full_width":true,"bdr_btm":true,"padding_top":0,"padding_bottom":12,"anchor_id":""}},"rich_text_YXK7Fj":{"type":"rich-text","blocks":{"heading_iYFnzH":{"type":"heading","settings":{"heading":"Ultra Safety Air Guns","heading_size":"h1"}},"text_3baGAW":{"type":"text","settings":{"text":"<p>Characterized by their ergonomic black handles, <a href=\"\/pages\/ultra-safety-air-guns\" title=\"Ultra® Safety Air Guns\">Ultra Safety Air Guns<\/a> deliver the ultimate in comfort and performance. With a cushioned pistol-grip for a secure hold, these air guns are built for long-lasting use in tough environments. With a range of nozzles and extension lengths, Ultra models provide powerful, precise cleaning while maintaining OSHA-compliant safety standards.<\/p>"}}},"block_order":["heading_iYFnzH","text_3baGAW"],"custom_css":["h2 {font-size: 28px;}"],"settings":{"desktop_content_position":"left","content_alignment":"left","color_scheme":"","full_width":true,"bdr_btm":false,"padding_top":40,"padding_bottom":12,"anchor_id":"ultra"}},"multicolumn_y3RJDU":{"type":"multicolumn","blocks":{"column_zT4wVd":{"type":"column","settings":{"image":"shopify:\/\/shop_images\/guardair-safety-air-guns-ultra-xtrathrust.png","image_link":"https:\/\/guardair.com\/products\/ultra-xtrathrust-u75xt-safety-air-gun-6-w-long-trigger","title":"<a href=\"\/products\/ultra-xtra-thrust-safety-air-gun\" title=\"Ultra Xtra Thrust Safety Air Gun\">Ultra XtraThrust Safety Air Gun<\/a>","text":"","link_label":"","link":""}},"column_MNGbjG":{"type":"column","settings":{"image":"shopify:\/\/shop_images\/guardair-safety-air-guns-ultra-whisperjet-extended_66820161-22e2-4146-af76-1035dcdcfffa.png","image_link":"https:\/\/guardair.com\/products\/ultra-whisperjet-u80lj-safety-air-gun-6-w-long-trigger","title":"<a href=\"\/products\/ultra-whisperjet-u80lj-safety-air-gun-6-w-long-trigger\" title=\"Ultra® WhisperJet® U80LJ Safety Air Gun - 6&quot; w\/ Long Trigger\">Ultra WhisperJet Safety Air Gun<\/a>","text":"","link_label":"","link":""}},"column_WRWw3J":{"type":"column","settings":{"image":"shopify:\/\/shop_images\/guardair-safety-air-guns-ultra-venturi.png","image_link":"https:\/\/guardair.com\/products\/ultra-u75lj-safety-air-gun-6-w-long-trigger","title":"<a href=\"\/products\/ultra-u75lj-safety-air-gun-6-w-long-trigger\" title=\"Ultra® U75LJ Safety Air Gun - 6&quot; w\/ Long Trigger\">Ultra Long John Safety Air Gun<\/a>","text":"","link_label":"","link":""}},"column_6k8TxL":{"type":"column","settings":{"image":"shopify:\/\/shop_images\/guardair-safety-air-guns-ultra-quietforce_extended.png","image_link":"https:\/\/guardair.com\/products\/ultra-quietforce-u74ht37-safety-air-gun-6","title":"<a href=\"\/products\/ultra-quietforce-u74ht37-safety-air-gun-6\" title=\"Ultra® QuietForce® U74HT37 Safety Air Gun - 6&quot;\">Ultra QuietForce Safety Air Gun<\/a>","text":"","link_label":"","link":""}},"column_nBjwmF":{"type":"column","settings":{"image":"shopify:\/\/shop_images\/guardair-safety-air-guns-ultra-whisperjet_f0441c86-335c-4dd1-9372-d8172bd1048b.png","image_link":"https:\/\/guardair.com\/products\/ultra-whisperjet-u80wj-safety-air-gun-3-8-fnpt-inlet","title":"<a href=\"\/products\/ultra-whisperjet-u80wj-safety-air-gun-3-8-fnpt-inlet\" title=\"Ultra® WhisperJet® U80WJ Safety Air Gun - 3\/8&quot; FNPT Inlet\">Ultra WhisperJet Safety Air Gun<\/a>","text":"","link_label":"","link":""}},"column_jHCLrw":{"type":"column","settings":{"image":"shopify:\/\/shop_images\/guardair-safety-air-guns-ultra-quietforce.png","image_link":"https:\/\/guardair.com\/products\/ultra-quietforce-u74-safety-air-gun-adjustable-air-nozzle-79-dba","title":"<a href=\"\/products\/ultra-quietforce-u74-safety-air-gun-adjustable-air-nozzle-79-dba\" title=\"Ultra® QuietForce® U74 Safety Air Gun - Adjustable Air Nozzle (79 dBA)\">Ultra QuietForce Safety Air Gun<\/a>","text":"","link_label":"","link":""}}},"block_order":["column_zT4wVd","column_MNGbjG","column_WRWw3J","column_6k8TxL","column_nBjwmF","column_jHCLrw"],"custom_css":[".multicolumn-card__info {background-color: #ffffff; padding-left: 0px; padding-right: 0px;}","h2 {font-size: 28px;}","h3 {font-size: 18px; text-align: center; color: #002395;}","a {text-decoration: none;}"],"settings":{"title":"","heading_size":"h1","image_width":"full","image_ratio":"adapt","columns_desktop":4,"column_alignment":"left","background_style":"none","button_label":"","button_link":"","color_scheme":"scheme-1","columns_mobile":"2","swipe_on_mobile":true,"padding_top":0,"padding_bottom":0,"anchor_id":""}},"rich_text_dkgGi7":{"type":"rich-text","blocks":{"text_d7aGNm":{"type":"text","settings":{"text":""}}},"block_order":["text_d7aGNm"],"settings":{"desktop_content_position":"left","content_alignment":"left","color_scheme":"","full_width":true,"bdr_btm":true,"padding_top":0,"padding_bottom":12,"anchor_id":""}},"rich_text_4NpCpc":{"type":"rich-text","blocks":{"heading_mBxCM6":{"type":"heading","settings":{"heading":"WhisperJet Safety Air Guns","heading_size":"h1"}},"text_EY3znn":{"type":"text","settings":{"text":"<p>WhisperJet Safety Air Guns combine effective cleaning with low-noise operation, thanks to their unique nozzle design. Ideal for noise-sensitive environments, these air guns offer powerful thrust while keeping sound levels low. Choose from several models that feature the WhisperJet nozzle to find a balance of safety, noise reduction, and cleaning power tailored to your needs.<\/p>"}}},"block_order":["heading_mBxCM6","text_EY3znn"],"custom_css":["h2 {font-size: 28px;}"],"settings":{"desktop_content_position":"left","content_alignment":"left","color_scheme":"","full_width":true,"bdr_btm":false,"padding_top":40,"padding_bottom":12,"anchor_id":"whisperjet"}},"multicolumn_UqBAWA":{"type":"multicolumn","blocks":{"column_8xkQF6":{"type":"column","settings":{"image":"shopify:\/\/shop_images\/guardair-safety-air-guns-whisperjet-80lj_6b18b128-1b0e-4844-8c71-10267626f064.png","image_link":"https:\/\/guardair.com\/products\/whisperjet-80lj-safety-air-gun-6","title":"<a href=\"\/products\/whisperjet-80lj-safety-air-gun-6\" title=\"WhisperJet® 80LJ Safety Air Gun - 6&quot;\">WhisperJet Safety Air Gun 80LJ<\/a>","text":"","link_label":"","link":""}},"column_jHLGDw":{"type":"column","settings":{"image":"shopify:\/\/shop_images\/guardair-safety-air-guns-whisperjet_2fefc54a-1605-4382-a8f2-d70a24c79890.png","image_link":"https:\/\/guardair.com\/products\/whisperjet-80wj-safety-air-gun","title":"<a href=\"\/products\/whisperjet-80wj-safety-air-gun\" title=\"WhisperJet® 80WJ Safety Air Gun\">WhisperJet Safety Air Gun 80WJ<\/a>","text":"","link_label":"","link":""}},"column_nc6gqV":{"type":"column","settings":{"image":"shopify:\/\/shop_images\/guardair-safety-air-guns-whisperjet-volume-control.png","image_link":"https:\/\/guardair.com\/products\/whisperjet-80-safety-air-gun-with-volume-control","title":"<a href=\"\/products\/whisperjet-80-safety-air-gun-with-volume-control\" title=\"WhisperJet® 80 Safety Air Gun w\/ Volume Control\">WhisperJet Safety Air Gun 80<\/a>","text":"","link_label":"","link":""}},"column_CUxmwk":{"type":"column","settings":{"image":"shopify:\/\/shop_images\/guardair-safety-air-guns-flex_44f1db54-d0a9-4711-9b06-ead92af45a0c.png","image_link":"https:\/\/guardair.com\/products\/flex-80-safety-air-gun-w-whisperjet-nozzle-12","title":"<a href=\"\/products\/flex-80-safety-air-gun-w-whisperjet-nozzle-12\" title=\"Flex 80 Safety Air Gun w\/ WhisperJet® Nozzle - 12&quot;\">Flex Safety Air Gun<\/a>","text":"","link_label":"","link":""}},"column_B4NTF9":{"type":"column","settings":{"image":"shopify:\/\/shop_images\/guardair-safety-air-guns-ultra-whisperjet-extended_66820161-22e2-4146-af76-1035dcdcfffa.png","image_link":"https:\/\/guardair.com\/products\/ultra-whisperjet-u80lj-safety-air-gun-6-w-long-trigger","title":"<a href=\"\/products\/ultra-whisperjet-u80lj-safety-air-gun-12-w-short-trigger\" title=\"Ultra® WhisperJet® U80LJ Safety Air Gun - 12&quot; w\/ Short Trigger\">Ultra WhisperJet Safety Air Gun U80LJ<\/a>","text":"","link_label":"","link":""}},"column_dRmJ4B":{"type":"column","settings":{"image":"shopify:\/\/shop_images\/guardair-safety-air-guns-ultra-whisperjet_f0441c86-335c-4dd1-9372-d8172bd1048b.png","image_link":"https:\/\/guardair.com\/products\/ultra-whisperjet-u80wj-safety-air-gun-3-8-fnpt-inlet","title":"<a href=\"\/products\/ultra-whisperjet-u80wj-safety-air-gun-3-8-fnpt-inlet\" title=\"Ultra® WhisperJet® U80WJ Safety Air Gun - 3\/8&quot; FNPT Inlet\">Ultra WhisperJet Safety Air Gun U80WJ<\/a>","text":"","link_label":"","link":""}},"column_Ajw8JU":{"type":"column","settings":{"image":"shopify:\/\/shop_images\/guardair-safety-air-guns-whisperjet-thumbswitch_7936cfcb-15bb-4011-bd5d-61dad117b113.png","image_link":"https:\/\/guardair.com\/products\/whisperjet-thumbswitch-980-safety-air-gun","title":"<a href=\"\/products\/whisperjet-thumbswitch-980-safety-air-gun\" title=\"WhisperJet® ThumbSwitch 980 Safety Air Gun\">WhisperJet ThumbSwitch Safety Air Gun 980<\/a>","text":"","link_label":"","link":""}}},"block_order":["column_8xkQF6","column_jHLGDw","column_nc6gqV","column_CUxmwk","column_B4NTF9","column_dRmJ4B","column_Ajw8JU"],"custom_css":[".multicolumn-card__info {background-color: #ffffff; padding-left: 0px; padding-right: 0px;}","h2 {font-size: 28px;}","h3 {font-size: 18px; text-align: center; color: #002395;}","a {text-decoration: none;}"],"settings":{"title":"","heading_size":"h1","image_width":"full","image_ratio":"adapt","columns_desktop":4,"column_alignment":"left","background_style":"none","button_label":"","button_link":"","color_scheme":"scheme-1","columns_mobile":"2","swipe_on_mobile":true,"padding_top":0,"padding_bottom":0,"anchor_id":""}},"rich_text_e6KfPT":{"type":"rich-text","blocks":{"text_dVCMQf":{"type":"text","settings":{"text":""}}},"block_order":["text_dVCMQf"],"settings":{"desktop_content_position":"left","content_alignment":"left","color_scheme":"","full_width":true,"bdr_btm":true,"padding_top":0,"padding_bottom":12,"anchor_id":""}},"rich_text_yeLVqe":{"type":"rich-text","blocks":{"heading_MUQFGE":{"type":"heading","settings":{"heading":"ThumbSwitch Safety Air Guns","heading_size":"h1"}},"text_A4gEDB":{"type":"text","settings":{"text":"<p>Engineered for easy handling and precise control, Thumbswitch Safety Air Guns feature a convenient, thumb-activated trigger for effortless operation. Ideal for quick, repetitive tasks, these air guns deliver effective cleaning and debris removal while promoting user comfort and safety. Their durable design allows users to work efficiently in various industrial environments.<\/p>"}}},"block_order":["heading_MUQFGE","text_A4gEDB"],"custom_css":["h2 {font-size: 28px;}"],"settings":{"desktop_content_position":"left","content_alignment":"left","color_scheme":"","full_width":true,"bdr_btm":false,"padding_top":40,"padding_bottom":12,"anchor_id":"thumbswitch"}},"multicolumn_7Ge9GP":{"type":"multicolumn","blocks":{"column_x7TdXK":{"type":"column","settings":{"image":"shopify:\/\/shop_images\/guardair-safety-air-guns-thumbswitch-900.png","image_link":"https:\/\/guardair.com\/products\/thumbswitch-900-safety-air-gun","title":"<a href=\"\/products\/thumbswitch-safety-air-gun-900\" title=\"ThumbSwitch Safety Air Gun 900\">ThumbSwitch Safety Air Gun 900<\/a>","text":"","link_label":"","link":""}},"column_HUC7qy":{"type":"column","settings":{"image":"shopify:\/\/shop_images\/guardair-safety-air-guns-thumbswitch-900s.png","image_link":"https:\/\/guardair.com\/products\/thumbswitch-900s-safety-air-gun-w-air-shield-nozzle","title":"<a href=\"\/products\/thumbswitch-safety-air-gun-900s\" title=\"ThumbSwitch Safety Air Gun 900S\">ThumbSwitch Safety Air Gun 900S<\/a>","text":"","link_label":"","link":""}},"column_Pnaidm":{"type":"column","settings":{"image":"shopify:\/\/shop_images\/guardair-safety-air-guns-thumbswitch.png","image_link":"https:\/\/guardair.com\/products\/thumbswitch-900lj-safety-air-gun-6","title":"<a href=\"\/products\/thumbswitch-900lj-safety-air-gun-6\" title=\"ThumbSwitch 900LJ Safety Air Gun - 6&quot;\">ThumbSwitch Safety Air Gun 900LJ<\/a>","text":"","link_label":"","link":""}},"column_dthF7n":{"type":"column","settings":{"image":"shopify:\/\/shop_images\/guardair-safety-air-guns-whisperjet-thumbswitch_7936cfcb-15bb-4011-bd5d-61dad117b113.png","image_link":"https:\/\/guardair.com\/products\/whisperjet-thumbswitch-980-safety-air-gun","title":"<a href=\"\/products\/whisper-jet-thumbswitch-safety-air-gun-980\" title=\"WhisperJet ThumbSwitch Safety Air Gun 980\">WhisperJet ThumbSwitch Safety Air Gun 980<\/a>","text":"","link_label":"","link":""}},"column_PzfGba":{"type":"column","settings":{"image":"shopify:\/\/shop_images\/guardair-safety-air-guns-compact-thumbswitch.png","image_link":"https:\/\/guardair.com\/products\/compact-thumbswitch-970-safety-air-gun","title":"<a href=\"\/products\/compact-thumbswitch-safety-air-gun-970\" title=\"Compact ThumbSwitch Safety Air Gun 970\">Compact ThumbSwitch Safety Air Gun 970<\/a>","text":"","link_label":"","link":""}},"column_mpAVn3":{"type":"column","settings":{"image":"shopify:\/\/shop_images\/guardair-safety-air-guns-xtrathrust-thumbswitch.png","image_link":"https:\/\/guardair.com\/products\/xtrathrust-thumbswitch-970xt-safety-air-gun","title":"<a href=\"\/products\/xtra-thrust-thumbswitch-safety-air-gun\" title=\"XtraThrust ThumbSwitch Safety Air Gun\">XtraThrust ThumbSwitch Safety Air Gun 970XT<\/a>","text":"","link_label":"","link":""}}},"block_order":["column_x7TdXK","column_HUC7qy","column_Pnaidm","column_dthF7n","column_PzfGba","column_mpAVn3"],"custom_css":[".multicolumn-card__info {background-color: #ffffff; padding-left: 0px; padding-right: 0px;}","h2 {font-size: 28px;}","h3 {font-size: 18px; text-align: center; color: #002395;}","a {text-decoration: none;}"],"settings":{"title":"","heading_size":"h1","image_width":"full","image_ratio":"adapt","columns_desktop":4,"column_alignment":"left","background_style":"none","button_label":"","button_link":"","color_scheme":"scheme-1","columns_mobile":"2","swipe_on_mobile":true,"padding_top":0,"padding_bottom":0,"anchor_id":""}},"rich_text_hbwgwC":{"type":"rich-text","blocks":{"text_gqBR3J":{"type":"text","settings":{"text":""}}},"block_order":["text_gqBR3J"],"settings":{"desktop_content_position":"left","content_alignment":"left","color_scheme":"","full_width":true,"bdr_btm":true,"padding_top":0,"padding_bottom":12,"anchor_id":""}},"rich_text_LMKtza":{"type":"rich-text","blocks":{"heading_kEmKEn":{"type":"heading","settings":{"heading":"Lazer Safety Air Guns","heading_size":"h1"}},"text_ztYDWQ":{"type":"text","settings":{"text":"<p>Designed for precision in demanding environments, Lazer Safety Air Guns offer compact, powerful cleaning and are available in both pistol-grip and palm switch trigger models. Lightweight and OSHA-compliant, these guns excel in detail-oriented tasks, providing controlled air flow and safe, efficient performance across various applications.<\/p>"}}},"block_order":["heading_kEmKEn","text_ztYDWQ"],"custom_css":["h2 {font-size: 28px;}"],"settings":{"desktop_content_position":"left","content_alignment":"left","color_scheme":"","full_width":true,"bdr_btm":false,"padding_top":40,"padding_bottom":12,"anchor_id":"lazer"}},"multicolumn_Cz9xRa":{"type":"multicolumn","blocks":{"column_ibaRDn":{"type":"column","settings":{"image":"shopify:\/\/shop_images\/guardair-safety-air-guns-lazer-pistol-grip.png","image_link":"https:\/\/guardair.com\/products\/lazer-pistol-grip-650-safety-air-gun-6","title":"<a href=\"\/products\/lazer-pistol-grip-650-safety-air-gun-6\" title=\"Lazer® Pistol Grip 650 Safety Air Gun - 6&quot;\">Lazer Pistol Grip Safety Air Gun<\/a>","text":"","link_label":"","link":""}},"column_wpQ3Jc":{"type":"column","settings":{"image":"shopify:\/\/shop_images\/guardair-safety-air-guns-lazer-palmswitch.png","image_link":"https:\/\/guardair.com\/products\/lazer-palmswitch-600-safety-air-gun-6","title":"<a href=\"\/products\/lazer-palmswitch-600-safety-air-gun-6\" title=\"Lazer PalmSwitch® 600 Safety Air Gun - 6&quot;\">Lazer Palm Switch Safety Air Gun<\/a>","text":"","link_label":"","link":""}}},"block_order":["column_ibaRDn","column_wpQ3Jc"],"custom_css":[".multicolumn-card__info {background-color: #ffffff; padding-left: 0px; padding-right: 0px;}","h2 {font-size: 28px;}","h3 {font-size: 18px; text-align: center; color: #002395;}","a {text-decoration: none;}"],"settings":{"title":"","heading_size":"h1","image_width":"full","image_ratio":"adapt","columns_desktop":4,"column_alignment":"left","background_style":"none","button_label":"","button_link":"","color_scheme":"scheme-1","columns_mobile":"2","swipe_on_mobile":true,"padding_top":0,"padding_bottom":0,"anchor_id":""}},"rich_text_67Er7i":{"type":"rich-text","blocks":{"text_cd4iKN":{"type":"text","settings":{"text":""}}},"block_order":["text_cd4iKN"],"settings":{"desktop_content_position":"left","content_alignment":"left","color_scheme":"","full_width":true,"bdr_btm":true,"padding_top":0,"padding_bottom":12,"anchor_id":""}},"rich_text_TzcPFa":{"type":"rich-text","blocks":{"heading_cTGFmz":{"type":"heading","settings":{"heading":"Big Air Guns","heading_size":"h1"}},"text_VEYLXp":{"type":"text","settings":{"text":"<p>Our collection of Big Air Guns deliver the most powerful airflow for heavy-duty cleaning tasks. Built for construction and industrial applications, these guns are designed to tackle the toughest jobs with exceptional thrust and reach. Each model—including the popular Force 5—provides reliable, high-performance cleaning while prioritizing safety with OSHA-compliant nozzles.<\/p>"}}},"block_order":["heading_cTGFmz","text_VEYLXp"],"custom_css":["h2 {font-size: 28px;}"],"settings":{"desktop_content_position":"left","content_alignment":"left","color_scheme":"","full_width":true,"bdr_btm":false,"padding_top":40,"padding_bottom":12,"anchor_id":"big-guns"}},"multicolumn_dtEXT8":{"type":"multicolumn","blocks":{"column_DQHENC":{"type":"column","settings":{"image":"shopify:\/\/shop_images\/guardair-safety-air-guns-force-5.png","image_link":"https:\/\/guardair.com\/products\/force-5-f5-safety-air-gun-24","title":"<a href=\"\/products\/force-5-f5-safety-air-gun-24\" title=\"Force 5® F5 Safety Air Gun - 24&quot;\">Force 5 Safety Air Gun<\/a>","text":"","link_label":"","link":""}},"column_mbMwkJ":{"type":"column","settings":{"image":"shopify:\/\/shop_images\/guardair-safety-air-guns-force-5-quietforce.png","image_link":"https:\/\/guardair.com\/products\/force-5-quietforce-f5-safety-air-gun-24","title":"<a href=\"\/products\/force-5-quietforce-f5-safety-air-gun-24\" title=\"Force 5® QuietForce® F5 Safety Air Gun - 24&quot;\">Force 5 QuietForce Safety Air Gun<\/a>","text":"","link_label":"","link":""}},"column_DyzPEr":{"type":"column","settings":{"image":"shopify:\/\/shop_images\/guardair-safety-air-guns-inforcer.png","image_link":"https:\/\/guardair.com\/products\/inforcer-inf5-safety-air-gun-24","title":"<a href=\"\/products\/inforcer-inf5-safety-air-gun-24\" title=\"Inforcer® INF5 Safety Air Gun - 24&quot;\">Inforcer Safety Air Gun<\/a>","text":"","link_label":"","link":""}},"column_xwmjia":{"type":"column","settings":{"image":"shopify:\/\/shop_images\/guardair-safety-air-guns-inforcer-quietforce.png","image_link":"https:\/\/guardair.com\/products\/inforcer-quietforce-inf5-safety-air-gun-24","title":"<a href=\"\/products\/inforcer-quietforce-inf5-safety-air-gun-24\" title=\"Inforcer® QuietForce® INF5 Safety Air Gun - 24&quot;\">Inforcer QuietForce Safety Air Gun<\/a>","text":"","link_label":"","link":""}},"column_KiUYMA":{"type":"column","settings":{"image":"shopify:\/\/shop_images\/guardair-safety-air-guns-inforcer-steel-chisel.png","image_link":"https:\/\/guardair.com\/products\/inforcer-inf5-steel-safety-air-gun-w-chisel-point-nozzle-24","title":"<a href=\"\/products\/inforcer-inf5-steel-safety-air-gun-w-chisel-point-nozzle-24\" title=\"Inforcer® INF5 Steel Safety Air Gun w\/ Chisel Point Nozzle - 24&quot;\">Inforcer Steel Safety Air Gun w\/ Chisel Point Nozzle<\/a>","text":"","link_label":"","link":""}},"column_h6iBkG":{"type":"column","settings":{"image":"shopify:\/\/shop_images\/guardair-safety-air-guns-inforcer-steel-scraper.png","image_link":"https:\/\/guardair.com\/products\/inforcer-inf5-steel-safety-air-gun-w-scraper-nozzle-60","title":"<a href=\"\/products\/inforcer-inf5-steel-safety-air-gun-w-scraper-nozzle-60\" title=\"Inforcer® INF5 Steel Safety Air Gun w\/ Scraper Nozzle - 60&quot;\">Inforcer Steel Safety Air Gun w\/ Scraper Nozzle<\/a>","text":"","link_label":"","link":""}},"column_GRkWAL":{"type":"column","settings":{"image":"shopify:\/\/shop_images\/guardair-safety-air-guns-hydroforce.png","image_link":"https:\/\/guardair.com\/products\/hydroforce-hyd-power-wash-gun-24","title":"<a href=\"\/products\/hydroforce-hyd-power-wash-gun-24\" title=\"HydroForce® HYD Power Wash Gun - 24&quot;\">HydroForce Power Wash Gun<\/a>","text":"","link_label":"","link":""}}},"block_order":["column_DQHENC","column_mbMwkJ","column_DyzPEr","column_xwmjia","column_KiUYMA","column_h6iBkG","column_GRkWAL"],"custom_css":[".multicolumn-card__info {background-color: #ffffff; padding-left: 0px; padding-right: 0px;}","h2 {font-size: 28px;}","h3 {font-size: 18px; text-align: center; color: #002395;}","a {text-decoration: none;}"],"settings":{"title":"","heading_size":"h1","image_width":"full","image_ratio":"adapt","columns_desktop":4,"column_alignment":"left","background_style":"none","button_label":"","button_link":"","color_scheme":"scheme-1","columns_mobile":"2","swipe_on_mobile":true,"padding_top":0,"padding_bottom":0,"anchor_id":""}},"rich_text_KEJqiG":{"type":"rich-text","blocks":{"text_ta7DNB":{"type":"text","settings":{"text":""}}},"block_order":["text_ta7DNB"],"settings":{"desktop_content_position":"left","content_alignment":"left","color_scheme":"","full_width":true,"bdr_btm":true,"padding_top":0,"padding_bottom":12,"anchor_id":""}},"rich_text_yFmRQU":{"type":"rich-text","blocks":{"heading_dEhKGU":{"type":"heading","settings":{"heading":"Specialty Air Guns","heading_size":"h1"}},"text_Nr4HQY":{"type":"text","settings":{"text":"<p>Our Specialty Air Guns are built for unique industrial tasks, offering versatile for a variety of applications. From the ReverseForce's powerful reverse thrust, to the Filter Cleaning model designed for maintaining air filters, and the Radiator Air Gun optimized for cleaning hard-to-reach surfaces, these tools deliver specialized performance tailored to specific needs.<\/p>"}}},"block_order":["heading_dEhKGU","text_Nr4HQY"],"custom_css":["h2 {font-size: 28px;}"],"settings":{"desktop_content_position":"left","content_alignment":"left","color_scheme":"","full_width":true,"bdr_btm":false,"padding_top":40,"padding_bottom":12,"anchor_id":"specialty-guns"}},"multicolumn_QhMXfn":{"type":"multicolumn","blocks":{"column_KFQXLx":{"type":"column","settings":{"image":"shopify:\/\/shop_images\/guardair-safety-air-guns-reverseforce.png","image_link":"https:\/\/guardair.com\/products\/reverseforce-75rf-air-gun-48","title":"<a href=\"\/products\/reverseforce-75rf-air-gun-48\" title=\"ReverseForce 75RF Air Gun - 48&quot;\">ReverseForce Air Gun<\/a>","text":"","link_label":"","link":""}},"column_4B7VLp":{"type":"column","settings":{"image":"shopify:\/\/shop_images\/guardair-safety-air-guns-radiator.png","image_link":"https:\/\/guardair.com\/products\/radiator-inrg-air-gun-60","title":"<a href=\"\/products\/radiator-inrg-air-gun-60\" title=\"Radiator INRG Air Gun - 60&quot;\">Radiator Air Gun<\/a>","text":"","link_label":"","link":""}},"column_3tEHy4":{"type":"column","settings":{"image":"shopify:\/\/shop_images\/guardair-safety-air-guns-filter.png","image_link":"https:\/\/guardair.com\/products\/filter-900f-cleaning-safety-air-gun-12","title":"<a href=\"\/products\/filter-900f-cleaning-safety-air-gun-12\" title=\"Filter 900F Cleaning Safety Air Gun - 12&quot;\">Filter Cleaning Air Gun<\/a>","text":"","link_label":"","link":""}},"column_jctXBn":{"type":"column","settings":{"image":"shopify:\/\/shop_images\/guardair-safety-air-guns-blind-hole.png","image_link":"https:\/\/guardair.com\/products\/blind-hole-74bh-safety-air-gun-12-angled-tip","title":"<a href=\"\/products\/blind-hole-74bh-safety-air-gun-12-angled-tip\" title=\"Blind Hole® 74BH Safety Air Gun - 12&quot; Angled Tip\">Blind Hole Safety Air Gun<\/a>","text":"","link_label":"","link":""}}},"block_order":["column_KFQXLx","column_4B7VLp","column_3tEHy4","column_jctXBn"],"custom_css":[".multicolumn-card__info {background-color: #ffffff; padding-left: 0px; padding-right: 0px;}","h2 {font-size: 28px;}","h3 {font-size: 18px; text-align: center; color: #002395;}","a {text-decoration: none;}"],"settings":{"title":"","heading_size":"h1","image_width":"full","image_ratio":"adapt","columns_desktop":4,"column_alignment":"left","background_style":"none","button_label":"","button_link":"","color_scheme":"scheme-1","columns_mobile":"2","swipe_on_mobile":true,"padding_top":0,"padding_bottom":100,"anchor_id":""}}},"order":["main","multicolumn_FG7Y9y","rich_text_Kc4nMk","multicolumn_xezMVG","rich_text_i7yrjL","rich_text_EdVHeU","multicolumn_nUa7bn","rich_text_4LhbKH","rich_text_YXK7Fj","multicolumn_y3RJDU","rich_text_dkgGi7","rich_text_4NpCpc","multicolumn_UqBAWA","rich_text_e6KfPT","rich_text_yeLVqe","multicolumn_7Ge9GP","rich_text_hbwgwC","rich_text_LMKtza","multicolumn_Cz9xRa","rich_text_67Er7i","rich_text_TzcPFa","multicolumn_dtEXT8","rich_text_KEJqiG","rich_text_yFmRQU","multicolumn_QhMXfn"]}