{
  "sections": {
    "main": {
      "type": "main-page",
      "settings": {
        "padding_top": 28,
        "padding_bottom": 0
      }
    },
    "multicolumn_xezMVG": {
      "type": "multicolumn",
      "blocks": {
        "column_7dazHw": {
          "type": "column",
          "settings": {
            "image": "shopify:\/\/shop_images\/guardair-syphon-spray-system.png",
            "image_link": "https:\/\/guardair.com\/products\/syphon-spray-system-ss2020-w-12-spray-gun",
            "title": "<a href=\"\/products\/syphon-spray-system\" title=\"Syphon Spray System\">Syphon Spray System<\/a>",
            "text": "",
            "link_label": "",
            "link": ""
          }
        },
        "column_C7thbA": {
          "type": "column",
          "settings": {
            "image": "shopify:\/\/shop_images\/guardair-syphon-gun-79sg.png",
            "image_link": "https:\/\/guardair.com\/products\/syphon-spray-gun-79sg",
            "title": "<a href=\"\/products\/syphon-gun-79sg\" title=\"Syphon Gun 79SG\">Syphon Gun 79SG<\/a>",
            "text": "",
            "link_label": "",
            "link": ""
          }
        },
        "column_G4UAWG": {
          "type": "column",
          "settings": {
            "image": "shopify:\/\/shop_images\/guardair-syphon-spray-gun.png",
            "image_link": "https:\/\/guardair.com\/products\/syphon-spray-gun-79sg-6",
            "title": "<a href=\"\/products\/syphon-spray-gun-79sg-6\" title=\"Syphon Spray Gun 79SG - 6&quot;\">Syphon Spray Gun<\/a>",
            "text": "",
            "link_label": "",
            "link": ""
          }
        },
        "column_cCawkH": {
          "type": "column",
          "settings": {
            "image": "shopify:\/\/shop_images\/guardair-syphon-gun-79sgm.png",
            "image_link": "https:\/\/guardair.com\/products\/syphon-spray-gun-79sgm-w-1-quart-canister",
            "title": "<a href=\"\/products\/syphon-gun-79sgm\" title=\"Syphon Gun 79SGM\">Syphon Gun 79SGM<\/a>",
            "text": "",
            "link_label": "",
            "link": ""
          }
        },
        "column_iF4tK4": {
          "type": "column",
          "settings": {
            "image": "shopify:\/\/shop_images\/guardair-syphon-oil-gun.png",
            "image_link": "https:\/\/guardair.com\/products\/pneumatic-oil-spray-gun-83sg",
            "title": "<a href=\"\/products\/pneumatic-oil-gun-83sg\" title=\"Pneumatic Oil Gun 83SG\">Pneumatic Oil Gun 83SG<\/a>",
            "text": "",
            "link_label": "",
            "link": ""
          }
        },
        "column_VpyJwr": {
          "type": "column",
          "settings": {
            "image": "shopify:\/\/shop_images\/guardair-syphon-gun-waterjet.png",
            "image_link": "https:\/\/guardair.com\/products\/waterjet-79wg-cleaning-spray-gun",
            "title": "<a href=\"\/products\/waterjet-79wg-cleaning-spray-gun\" title=\"WaterJet 79WG Cleaning Spray Gun\">WaterJet Cleaning Gun<\/a>",
            "text": "",
            "link_label": "",
            "link": ""
          }
        },
        "column_xHfP3n": {
          "type": "column",
          "settings": {
            "image": "shopify:\/\/shop_images\/guardair-syphon-gun-hydroforce.png",
            "image_link": "https:\/\/guardair.com\/products\/hydroforce-hyd-power-wash-gun-24",
            "title": "<a href=\"\/products\/hydroforce-hyd-power-wash-gun-24\" title=\"HydroForce® HYD Power Wash Gun - 24&quot;\">HydroForce Power Wash Gun<\/a>",
            "text": "",
            "link_label": "",
            "link": ""
          }
        }
      },
      "block_order": [
        "column_7dazHw",
        "column_C7thbA",
        "column_G4UAWG",
        "column_cCawkH",
        "column_iF4tK4",
        "column_VpyJwr",
        "column_xHfP3n"
      ],
      "custom_css": [
        ".multicolumn-card__info {background-color: #ffffff; padding-left: 0px; padding-right: 0px;}",
        "h2 {font-size: 28px;}",
        "h3 {font-size: 18px; text-align: center; color: #002395;}",
        "a {text-decoration: none;}"
      ],
      "settings": {
        "title": "",
        "heading_size": "h1",
        "image_width": "full",
        "image_ratio": "adapt",
        "columns_desktop": 4,
        "column_alignment": "left",
        "background_style": "none",
        "button_label": "",
        "button_link": "",
        "color_scheme": "scheme-1",
        "columns_mobile": "2",
        "swipe_on_mobile": true,
        "padding_top": 48,
        "padding_bottom": 100,
        "anchor_id": ""
      }
    }
  },
  "order": [
    "main",
    "multicolumn_xezMVG"
  ]
}
